
-- Dumped from database version 16.6
-- Dumped by pg_dump version 17.7 (Ubuntu 17.7-0ubuntu0.25.10.1)

delete from pkweinheit;

INSERT INTO hochrechnungsfaktor (id, created_time, version, active, default_faktor, gv, kfz, matrix, sv) VALUES ('f0feeda4-069b-4379-a45d-4d4e133668e2', '2026-01-19 09:39:08.262', 19, true, true, 1, 1, 'abc', 1);
INSERT INTO pkweinheit (id, created_time, version, busse, fahrradfahrer, kraftraeder, lastzuege, lkw, pkw) VALUES ('d719a0b8-074e-4abe-b282-21462f9b0113', '2026-01-16 23:25:34.227185', 0, 3.50, 0.30, 0.50, 4.00, 2.00, 1.00);
INSERT INTO dienstleister (id, created_time, version, active, kennung, name) VALUES ('391cecdf-cb10-4976-9a5a-5b13fac6e399', '2026-01-19 09:39:29.421', 1, true, 'starwit', 'starwit');
INSERT INTO dienstleister_emailaddresses (dienstleister_id, email_addresses) VALUES ('391cecdf-cb10-4976-9a5a-5b13fac6e399', 'test@test.de');

INSERT INTO messstelle (id, created_time, version, mst_id, name, status, realisierungsdatum, abbaudatum, stadtbezirk_nummer, bemerkung, fahrzeugklasse, detektierte_verkehrsart, hersteller, datum_letzte_plausible_messung, latitude, longitude, sichtbar_datenportal, geprueft, kommentar, standort, suchwoerter, custom_suchwoerter, lageplan_vorhanden) VALUES ('73d03a9f-ed13-499c-8fb9-a3bf1b32a9ad', '2026-01-22 14:51:46.311', 5, '1234', 'WOB1', 'IN_BESTAND', NULL, NULL, 4, 'string', 'RAD', 'KFZ', 'string', NULL, 48.19005494765651, 11.3739811709476, true, true, 'stringtest', 'string', 'Schwabing;1234;West;Schwabing-West;WOB1;', '', true);
INSERT INTO messfaehigkeit (id, created_time, version, gueltig_ab, gueltig_bis, fahrzeugklasse, intervall, messstelle) VALUES ('23d03a9f-ed13-499c-8fb9-a3bf1b32a9ad', '2026-01-22 14:51:46.311', 1, '2026-01-01', '2030-01-22', 'RAD', NULL, '73d03a9f-ed13-499c-8fb9-a3bf1b32a9ad');
INSERT INTO messquerschnitt (id, created_time, version, mq_id, latitude, longitude, strassenname, lage_messquerschnitt, fahrtrichtung, anzahl_fahrspuren, anzahl_detektoren, standort, messstelle) VALUES ('13d03a9f-ed13-499c-8fb9-a3bf1b32a9ad', '2026-01-22 14:51:46.311', 0, '1234', 48.19005494765651, 11.373981170947607, 'test S-N', 'S', 'N', 2, 1, 'S-N', '73d03a9f-ed13-499c-8fb9-a3bf1b32a9ad');
INSERT INTO messquerschnitt (id, created_time, version, mq_id, latitude, longitude, strassenname, lage_messquerschnitt, fahrtrichtung, anzahl_fahrspuren, anzahl_detektoren, standort, messstelle) VALUES ('23d03a9f-ed13-499c-8fb9-a3bf1b32a9ad', '2026-01-22 14:51:46.311', 0, '1235', 48.19005494765651, 11.373981170947607, 'test N-S', 'N', 'S', 2, 1, 'N-S', '73d03a9f-ed13-499c-8fb9-a3bf1b32a9ad');

INSERT INTO zaehlstelle (id, created_time, version, nummer, stadtbezirk, stadtbezirk_nummer, kommentar, letzte_zaehlung_monat_nummer, letzte_zaehlung_monat, letzte_zaehlung_jahr, grund_letzte_zaehlung, latitude, longitude, suchwoerter, custom_suchwoerter, sichtbar_datenportal) VALUES ('aab83dc6-e2c3-4aeb-8194-165c4badeb0f', '2026-01-22 18:47:49.627', 1, '92301', 'Neuhausen-Nymphenburg', 9, NULL, NULL, '', NULL, '', 48.1638493, 11.5069664, 'Neuhausen;Nymphenburg;Neuhausen-Nymphenburg', '', true);
INSERT INTO zaehlstelle (id, created_time, version, nummer, stadtbezirk, stadtbezirk_nummer, kommentar, letzte_zaehlung_monat_nummer, letzte_zaehlung_monat, letzte_zaehlung_jahr, grund_letzte_zaehlung, latitude, longitude, suchwoerter, custom_suchwoerter, sichtbar_datenportal) VALUES ('ae04126b-ecef-4882-87fb-19eb1098d83f', '2026-01-19 10:12:02.403', 4, '22001', 'Ludwigsvorstadt-Isarvorstadt', 2, NULL, NULL, '', NULL, '', 48.160983296334955, 11.566683053970339, 'Isarvorstadt;Ludwigsvorstadt;Ludwigsvorstadt-Isarvorstadt', '', true);
INSERT INTO zaehlstelle (id, created_time, version, nummer, stadtbezirk, stadtbezirk_nummer, kommentar, letzte_zaehlung_monat_nummer, letzte_zaehlung_monat, letzte_zaehlung_jahr, grund_letzte_zaehlung, latitude, longitude, suchwoerter, custom_suchwoerter, sichtbar_datenportal) VALUES ('45a0eec1-a912-4f26-aa35-3b3ed1620061', '2026-01-21 12:24:57.487', 4, '22002', 'Ludwigsvorstadt-Isarvorstadt', 2, NULL, NULL, '', NULL, '', 48.12258597895084, 11.566200256347658, 'Isarvorstadt;Ludwigsvorstadt;Ludwigsvorstadt-Isarvorstadt', '', true);
INSERT INTO zaehlstelle (id, created_time, version, nummer, stadtbezirk, stadtbezirk_nummer, kommentar, letzte_zaehlung_monat_nummer, letzte_zaehlung_monat, letzte_zaehlung_jahr, grund_letzte_zaehlung, latitude, longitude, suchwoerter, custom_suchwoerter, sichtbar_datenportal) VALUES ('fa6060bd-c170-40e4-9ee8-c704a526ef9d', '2026-01-19 10:52:55.052', 3, '11201', 'Altstadt-Lehel', 1, NULL, 1, 'Januar', 2026, NULL, 52.423306952282644, 10.780076980590822, 'Lehel;Altstadt-Lehel;Altstadt', '', true);
INSERT INTO zaehlstelle (id, created_time, version, nummer, stadtbezirk, stadtbezirk_nummer, kommentar, letzte_zaehlung_monat_nummer, letzte_zaehlung_monat, letzte_zaehlung_jahr, grund_letzte_zaehlung, latitude, longitude, suchwoerter, custom_suchwoerter, sichtbar_datenportal) VALUES ('16a3a7dd-d42b-4106-a25b-d2167aead219', '2026-01-16 23:27:46.929', 8, '11101', 'Altstadt-Lehel', 1, 'hjhk', NULL, '', NULL, '', 48.16015557573501, 11.566240727506722, 'Lehel;Altstadt-Lehel;Altstadt', '', true);
INSERT INTO zaehlstelle (id, created_time, version, nummer, stadtbezirk, stadtbezirk_nummer, kommentar, letzte_zaehlung_monat_nummer, letzte_zaehlung_monat, letzte_zaehlung_jahr, grund_letzte_zaehlung, latitude, longitude, suchwoerter, custom_suchwoerter, sichtbar_datenportal) VALUES ('6c3c5d6b-4c61-41e2-b193-d696e0dcc946', '2026-01-22 13:43:12.432', 4, '11102', 'Altstadt-Lehel', 1, NULL, NULL, '', NULL, '', 48.04159534372314, 11.645507812500002, 'Lehel;Altstadt-Lehel;Altstadt', '', true);

INSERT INTO zaehlung (id, created_time, version, datum, jahr, monat, jahreszeit, zaehlart, latitude, longitude, tages_typ, projekt_nummer, projekt_name, kreuzungsname, sonderzaehlung, kreisverkehr, kategorien, status, zaehlsituation, zaehlsituation_erweitert, zaehlintervall, wetter, zaehldauer, quelle, kommentar, schul_zeiten, suchwoerter, custom_suchwoerter, pkw_einheit, geographie, unread_messages_mobilitaetsreferat, unread_messages_dienstleister, zaehlstelle, dienstleisterkennung) VALUES ('339f992e-0925-4f6d-9e75-099bc520ad2c', '2026-02-05 13:46:59.456', 16, '2026-01-20 00:00:00', 2026, 'Januar', 'Winter', 'N', 52.423306952282644, 10.780076980590822, 'Werktag', '2', 'asdfsdf2', 'Nord - Ost - Süd - West', true, false, 'SV;LZ;FUSS;SV%;BUS;LKW;RAD;KFZ;KRAD;GV%;GV;PKW_EINHEIT;PKW', 'ACTIVE', NULL, NULL, 15, 'NO_INFORMATION', 'SONSTIGE', 'MANUALLY', NULL, NULL, 'Sonderzähldauer;Werktag;West;asdfsdf2;Standardzählung;Kreuzung;vierarmig;Normal;fehlende Wetterinformation;N;Dienstag;Ost;Sonderzählung;Winter;20.01.2026;2026;Nord - Ost - Süd - West;Nord;Sonstige-Zähldauer;keine Wetterinformation;kein Wetter;Süd;Januar', '', 'd719a0b8-074e-4abe-b282-21462f9b0113', 'N;Standardzählung;Normal', true, true, 'fa6060bd-c170-40e4-9ee8-c704a526ef9d', 'starwit');
INSERT INTO zaehlung (id, created_time, version, datum, jahr, monat, jahreszeit, zaehlart, latitude, longitude, tages_typ, projekt_nummer, projekt_name, kreuzungsname, sonderzaehlung, kreisverkehr, kategorien, status, zaehlsituation, zaehlsituation_erweitert, zaehlintervall, wetter, zaehldauer, quelle, kommentar, schul_zeiten, suchwoerter, custom_suchwoerter, pkw_einheit, geographie, unread_messages_mobilitaetsreferat, unread_messages_dienstleister, zaehlstelle, dienstleisterkennung) VALUES ('442984fa-3b79-4b85-ab8d-ebf5e07c5a42', '2026-01-19 10:53:21.842', 19, '2026-01-19 00:00:00', 2026, 'Januar', 'Winter', 'N', 52.423306952282644, 10.780076980590822, 'Werktag', 'sdfas', 'asdfasddf', 'Nord - Ost - Süd - West', true, false, 'FUSS;KFZ;SV%;BUS;KRAD;LKW;SV;PKW;PKW_EINHEIT;LZ;GV;RAD;GV%', 'ACTIVE', NULL, NULL, 15, 'NO_INFORMATION', 'SONSTIGE', 'MANUALLY', NULL, NULL, '19.01.2026;Sonderzähldauer;Werktag;West;Standardzählung;Kreuzung;vierarmig;Normal;fehlende Wetterinformation;N;Ost;Sonderzählung;Winter;2026;Nord - Ost - Süd - West;Nord;Sonstige-Zähldauer;keine Wetterinformation;kein Wetter;Süd;Montag;Januar;asdfasddf', '', 'd719a0b8-074e-4abe-b282-21462f9b0113', 'N;Standardzählung;Normal', false, true, 'fa6060bd-c170-40e4-9ee8-c704a526ef9d', 'starwit');

INSERT INTO knotenarm (id, created_time, version, nummer, strassenname, filename, zaehlung) VALUES ('5414c0a3-d142-4361-974e-6523ea6c1342', '2026-02-05 13:57:26.444', 0, 1, 'Nord', NULL, '442984fa-3b79-4b85-ab8d-ebf5e07c5a42');
INSERT INTO knotenarm (id, created_time, version, nummer, strassenname, filename, zaehlung) VALUES ('806df437-ac7c-46b8-b7c7-c43fa73435fc', '2026-02-05 13:57:26.454', 0, 2, 'Ost', NULL, '442984fa-3b79-4b85-ab8d-ebf5e07c5a42');
INSERT INTO knotenarm (id, created_time, version, nummer, strassenname, filename, zaehlung) VALUES ('c876dbe4-98ce-4047-88e7-524e8fe04b0a', '2026-02-05 13:57:26.454', 0, 3, 'Süd', NULL, '442984fa-3b79-4b85-ab8d-ebf5e07c5a42');
INSERT INTO knotenarm (id, created_time, version, nummer, strassenname, filename, zaehlung) VALUES ('9481951e-9377-4b22-9b6b-55bb3a365292', '2026-02-05 13:57:26.454', 0, 4, 'West', NULL, '442984fa-3b79-4b85-ab8d-ebf5e07c5a42');
INSERT INTO knotenarm (id, created_time, version, nummer, strassenname, filename, zaehlung) VALUES ('cc91e7fa-048f-4d45-b367-199fce968776', '2026-02-05 14:24:48.3', 0, 1, 'Nord', '11201_202601-20_Knotenarm_1.csv', '339f992e-0925-4f6d-9e75-099bc520ad2c');
INSERT INTO knotenarm (id, created_time, version, nummer, strassenname, filename, zaehlung) VALUES ('e6be843a-d573-4301-ab0c-cbb34b923cb0', '2026-02-05 14:24:48.303', 0, 2, 'Ost', '11201_202601-20_Knotenarm_2.csv', '339f992e-0925-4f6d-9e75-099bc520ad2c');
INSERT INTO knotenarm (id, created_time, version, nummer, strassenname, filename, zaehlung) VALUES ('baf5c648-698b-433e-a1d7-0d75b026cb7a', '2026-02-05 14:24:48.303', 0, 3, 'Süd', '11201_202601-20_Knotenarm_3.csv', '339f992e-0925-4f6d-9e75-099bc520ad2c');
INSERT INTO knotenarm (id, created_time, version, nummer, strassenname, filename, zaehlung) VALUES ('295c5acb-16ac-4dcb-bd6d-a14b69206061', '2026-02-05 14:24:48.303', 0, 4, 'West', '11201_202601-20_Knotenarm_4.csv', '339f992e-0925-4f6d-9e75-099bc520ad2c');

INSERT INTO fahrbeziehung (id, created_time, version, is_kreuzung, von, nach, knotenarm, hinein, heraus, vorbei, vonknotvonstrnr, nachknotvonstrnr, von_strnr, vonknotennachstrnr, nachknotnachstrnr, nach_strnr, hochrechnungsfaktor, zaehlung) VALUES ('4393fb61-6828-4043-a098-fb01e22d0083', '2026-02-04 20:51:39.133', 0, NULL, 1, 2, NULL, NULL, NULL, NULL, NULL, NULL, NULL, NULL, NULL, NULL, 'f0feeda4-069b-4379-a45d-4d4e133668e2', '442984fa-3b79-4b85-ab8d-ebf5e07c5a42');
INSERT INTO fahrbeziehung (id, created_time, version, is_kreuzung, von, nach, knotenarm, hinein, heraus, vorbei, vonknotvonstrnr, nachknotvonstrnr, von_strnr, vonknotennachstrnr, nachknotnachstrnr, nach_strnr, hochrechnungsfaktor, zaehlung) VALUES ('a17909b0-1220-46bd-b483-1b1800211d3a', '2026-02-04 20:51:39.144', 0, NULL, 1, 3, NULL, NULL, NULL, NULL, NULL, NULL, NULL, NULL, NULL, NULL, 'f0feeda4-069b-4379-a45d-4d4e133668e2', '442984fa-3b79-4b85-ab8d-ebf5e07c5a42');
INSERT INTO fahrbeziehung (id, created_time, version, is_kreuzung, von, nach, knotenarm, hinein, heraus, vorbei, vonknotvonstrnr, nachknotvonstrnr, von_strnr, vonknotennachstrnr, nachknotnachstrnr, nach_strnr, hochrechnungsfaktor, zaehlung) VALUES ('04776c43-9a41-4cc9-b990-29dcc37091c9', '2026-02-04 20:51:39.144', 0, NULL, 1, 4, NULL, NULL, NULL, NULL, NULL, NULL, NULL, NULL, NULL, NULL, 'f0feeda4-069b-4379-a45d-4d4e133668e2', '442984fa-3b79-4b85-ab8d-ebf5e07c5a42');
INSERT INTO fahrbeziehung (id, created_time, version, is_kreuzung, von, nach, knotenarm, hinein, heraus, vorbei, vonknotvonstrnr, nachknotvonstrnr, von_strnr, vonknotennachstrnr, nachknotnachstrnr, nach_strnr, hochrechnungsfaktor, zaehlung) VALUES ('9f059eaa-6263-469c-a492-c903d05e4f95', '2026-02-04 20:51:39.145', 0, NULL, 2, 1, NULL, NULL, NULL, NULL, NULL, NULL, NULL, NULL, NULL, NULL, 'f0feeda4-069b-4379-a45d-4d4e133668e2', '442984fa-3b79-4b85-ab8d-ebf5e07c5a42');
INSERT INTO fahrbeziehung (id, created_time, version, is_kreuzung, von, nach, knotenarm, hinein, heraus, vorbei, vonknotvonstrnr, nachknotvonstrnr, von_strnr, vonknotennachstrnr, nachknotnachstrnr, nach_strnr, hochrechnungsfaktor, zaehlung) VALUES ('4b9300c8-8e9f-4c2a-8509-8505dca9b516', '2026-02-04 20:51:39.145', 0, NULL, 2, 3, NULL, NULL, NULL, NULL, NULL, NULL, NULL, NULL, NULL, NULL, 'f0feeda4-069b-4379-a45d-4d4e133668e2', '442984fa-3b79-4b85-ab8d-ebf5e07c5a42');
INSERT INTO fahrbeziehung (id, created_time, version, is_kreuzung, von, nach, knotenarm, hinein, heraus, vorbei, vonknotvonstrnr, nachknotvonstrnr, von_strnr, vonknotennachstrnr, nachknotnachstrnr, nach_strnr, hochrechnungsfaktor, zaehlung) VALUES ('5a545c5c-dea5-40f1-8eeb-001cd0ee2aab', '2026-02-04 20:51:39.145', 0, NULL, 2, 4, NULL, NULL, NULL, NULL, NULL, NULL, NULL, NULL, NULL, NULL, 'f0feeda4-069b-4379-a45d-4d4e133668e2', '442984fa-3b79-4b85-ab8d-ebf5e07c5a42');
INSERT INTO fahrbeziehung (id, created_time, version, is_kreuzung, von, nach, knotenarm, hinein, heraus, vorbei, vonknotvonstrnr, nachknotvonstrnr, von_strnr, vonknotennachstrnr, nachknotnachstrnr, nach_strnr, hochrechnungsfaktor, zaehlung) VALUES ('44d0f93f-9f10-436a-b4e6-78bf4a0ab2e8', '2026-02-04 20:51:39.145', 0, NULL, 3, 1, NULL, NULL, NULL, NULL, NULL, NULL, NULL, NULL, NULL, NULL, 'f0feeda4-069b-4379-a45d-4d4e133668e2', '442984fa-3b79-4b85-ab8d-ebf5e07c5a42');
INSERT INTO fahrbeziehung (id, created_time, version, is_kreuzung, von, nach, knotenarm, hinein, heraus, vorbei, vonknotvonstrnr, nachknotvonstrnr, von_strnr, vonknotennachstrnr, nachknotnachstrnr, nach_strnr, hochrechnungsfaktor, zaehlung) VALUES ('437becb1-c441-4b60-9569-75d9148abd6f', '2026-02-04 20:51:39.145', 0, NULL, 3, 2, NULL, NULL, NULL, NULL, NULL, NULL, NULL, NULL, NULL, NULL, 'f0feeda4-069b-4379-a45d-4d4e133668e2', '442984fa-3b79-4b85-ab8d-ebf5e07c5a42');
INSERT INTO fahrbeziehung (id, created_time, version, is_kreuzung, von, nach, knotenarm, hinein, heraus, vorbei, vonknotvonstrnr, nachknotvonstrnr, von_strnr, vonknotennachstrnr, nachknotnachstrnr, nach_strnr, hochrechnungsfaktor, zaehlung) VALUES ('430dfa9b-9cee-427b-b009-4f8db2cc9b1d', '2026-02-04 20:51:39.146', 0, NULL, 3, 4, NULL, NULL, NULL, NULL, NULL, NULL, NULL, NULL, NULL, NULL, 'f0feeda4-069b-4379-a45d-4d4e133668e2', '442984fa-3b79-4b85-ab8d-ebf5e07c5a42');
INSERT INTO fahrbeziehung (id, created_time, version, is_kreuzung, von, nach, knotenarm, hinein, heraus, vorbei, vonknotvonstrnr, nachknotvonstrnr, von_strnr, vonknotennachstrnr, nachknotnachstrnr, nach_strnr, hochrechnungsfaktor, zaehlung) VALUES ('3bc9fd94-0c8a-47ed-b23e-7bfa6e7fb8f3', '2026-02-04 20:51:39.146', 0, NULL, 4, 1, NULL, NULL, NULL, NULL, NULL, NULL, NULL, NULL, NULL, NULL, 'f0feeda4-069b-4379-a45d-4d4e133668e2', '442984fa-3b79-4b85-ab8d-ebf5e07c5a42');
INSERT INTO fahrbeziehung (id, created_time, version, is_kreuzung, von, nach, knotenarm, hinein, heraus, vorbei, vonknotvonstrnr, nachknotvonstrnr, von_strnr, vonknotennachstrnr, nachknotnachstrnr, nach_strnr, hochrechnungsfaktor, zaehlung) VALUES ('6596ef92-fbf3-492d-af4b-3fd059ad2268', '2026-02-04 20:51:39.146', 0, NULL, 4, 2, NULL, NULL, NULL, NULL, NULL, NULL, NULL, NULL, NULL, NULL, 'f0feeda4-069b-4379-a45d-4d4e133668e2', '442984fa-3b79-4b85-ab8d-ebf5e07c5a42');
INSERT INTO fahrbeziehung (id, created_time, version, is_kreuzung, von, nach, knotenarm, hinein, heraus, vorbei, vonknotvonstrnr, nachknotvonstrnr, von_strnr, vonknotennachstrnr, nachknotnachstrnr, nach_strnr, hochrechnungsfaktor, zaehlung) VALUES ('335b9ece-e657-4442-ada7-e217e23013a6', '2026-02-04 20:51:39.147', 0, NULL, 4, 3, NULL, NULL, NULL, NULL, NULL, NULL, NULL, NULL, NULL, NULL, 'f0feeda4-069b-4379-a45d-4d4e133668e2', '442984fa-3b79-4b85-ab8d-ebf5e07c5a42');
INSERT INTO fahrbeziehung (id, created_time, version, is_kreuzung, von, nach, knotenarm, hinein, heraus, vorbei, vonknotvonstrnr, nachknotvonstrnr, von_strnr, vonknotennachstrnr, nachknotnachstrnr, nach_strnr, hochrechnungsfaktor, zaehlung) VALUES ('d8d28889-fdb8-46d3-91b3-87816e31a3a3', '2026-02-05 13:46:59.476', 0, NULL, 1, 2, NULL, NULL, NULL, NULL, NULL, NULL, NULL, NULL, NULL, NULL, 'f0feeda4-069b-4379-a45d-4d4e133668e2', '339f992e-0925-4f6d-9e75-099bc520ad2c');
INSERT INTO fahrbeziehung (id, created_time, version, is_kreuzung, von, nach, knotenarm, hinein, heraus, vorbei, vonknotvonstrnr, nachknotvonstrnr, von_strnr, vonknotennachstrnr, nachknotnachstrnr, nach_strnr, hochrechnungsfaktor, zaehlung) VALUES ('e2f416a3-bced-438a-bcc1-a836c85815d1', '2026-02-05 13:46:59.478', 0, NULL, 1, 3, NULL, NULL, NULL, NULL, NULL, NULL, NULL, NULL, NULL, NULL, 'f0feeda4-069b-4379-a45d-4d4e133668e2', '339f992e-0925-4f6d-9e75-099bc520ad2c');
INSERT INTO fahrbeziehung (id, created_time, version, is_kreuzung, von, nach, knotenarm, hinein, heraus, vorbei, vonknotvonstrnr, nachknotvonstrnr, von_strnr, vonknotennachstrnr, nachknotnachstrnr, nach_strnr, hochrechnungsfaktor, zaehlung) VALUES ('a8d33317-6915-4f5e-8b2b-77aa0f2690df', '2026-02-05 13:46:59.478', 0, NULL, 1, 4, NULL, NULL, NULL, NULL, NULL, NULL, NULL, NULL, NULL, NULL, 'f0feeda4-069b-4379-a45d-4d4e133668e2', '339f992e-0925-4f6d-9e75-099bc520ad2c');
INSERT INTO fahrbeziehung (id, created_time, version, is_kreuzung, von, nach, knotenarm, hinein, heraus, vorbei, vonknotvonstrnr, nachknotvonstrnr, von_strnr, vonknotennachstrnr, nachknotnachstrnr, nach_strnr, hochrechnungsfaktor, zaehlung) VALUES ('a3f8423d-5cdf-48ce-999c-9576bb560d72', '2026-02-05 13:46:59.478', 0, NULL, 2, 1, NULL, NULL, NULL, NULL, NULL, NULL, NULL, NULL, NULL, NULL, 'f0feeda4-069b-4379-a45d-4d4e133668e2', '339f992e-0925-4f6d-9e75-099bc520ad2c');
INSERT INTO fahrbeziehung (id, created_time, version, is_kreuzung, von, nach, knotenarm, hinein, heraus, vorbei, vonknotvonstrnr, nachknotvonstrnr, von_strnr, vonknotennachstrnr, nachknotnachstrnr, nach_strnr, hochrechnungsfaktor, zaehlung) VALUES ('a072cc32-b43c-4b0d-a2d4-0250f3c2e267', '2026-02-05 13:46:59.479', 0, NULL, 2, 3, NULL, NULL, NULL, NULL, NULL, NULL, NULL, NULL, NULL, NULL, 'f0feeda4-069b-4379-a45d-4d4e133668e2', '339f992e-0925-4f6d-9e75-099bc520ad2c');
INSERT INTO fahrbeziehung (id, created_time, version, is_kreuzung, von, nach, knotenarm, hinein, heraus, vorbei, vonknotvonstrnr, nachknotvonstrnr, von_strnr, vonknotennachstrnr, nachknotnachstrnr, nach_strnr, hochrechnungsfaktor, zaehlung) VALUES ('af5617f8-fbed-4a43-8b15-95aa056ea7f6', '2026-02-05 13:46:59.479', 0, NULL, 2, 4, NULL, NULL, NULL, NULL, NULL, NULL, NULL, NULL, NULL, NULL, 'f0feeda4-069b-4379-a45d-4d4e133668e2', '339f992e-0925-4f6d-9e75-099bc520ad2c');
INSERT INTO fahrbeziehung (id, created_time, version, is_kreuzung, von, nach, knotenarm, hinein, heraus, vorbei, vonknotvonstrnr, nachknotvonstrnr, von_strnr, vonknotennachstrnr, nachknotnachstrnr, nach_strnr, hochrechnungsfaktor, zaehlung) VALUES ('04ef4e64-f51c-4f76-9819-5d9b90831255', '2026-02-05 13:46:59.479', 0, NULL, 3, 1, NULL, NULL, NULL, NULL, NULL, NULL, NULL, NULL, NULL, NULL, 'f0feeda4-069b-4379-a45d-4d4e133668e2', '339f992e-0925-4f6d-9e75-099bc520ad2c');
INSERT INTO fahrbeziehung (id, created_time, version, is_kreuzung, von, nach, knotenarm, hinein, heraus, vorbei, vonknotvonstrnr, nachknotvonstrnr, von_strnr, vonknotennachstrnr, nachknotnachstrnr, nach_strnr, hochrechnungsfaktor, zaehlung) VALUES ('f550b529-0405-451b-8241-26337ce6b24e', '2026-02-05 13:46:59.479', 0, NULL, 3, 2, NULL, NULL, NULL, NULL, NULL, NULL, NULL, NULL, NULL, NULL, 'f0feeda4-069b-4379-a45d-4d4e133668e2', '339f992e-0925-4f6d-9e75-099bc520ad2c');
INSERT INTO fahrbeziehung (id, created_time, version, is_kreuzung, von, nach, knotenarm, hinein, heraus, vorbei, vonknotvonstrnr, nachknotvonstrnr, von_strnr, vonknotennachstrnr, nachknotnachstrnr, nach_strnr, hochrechnungsfaktor, zaehlung) VALUES ('4e590818-6c4a-4301-8d8a-05029c5ed0ce', '2026-02-05 13:46:59.479', 0, NULL, 3, 4, NULL, NULL, NULL, NULL, NULL, NULL, NULL, NULL, NULL, NULL, 'f0feeda4-069b-4379-a45d-4d4e133668e2', '339f992e-0925-4f6d-9e75-099bc520ad2c');
INSERT INTO fahrbeziehung (id, created_time, version, is_kreuzung, von, nach, knotenarm, hinein, heraus, vorbei, vonknotvonstrnr, nachknotvonstrnr, von_strnr, vonknotennachstrnr, nachknotnachstrnr, nach_strnr, hochrechnungsfaktor, zaehlung) VALUES ('ffc06014-19f5-4884-822e-13fe8cb35eed', '2026-02-05 13:46:59.479', 0, NULL, 4, 1, NULL, NULL, NULL, NULL, NULL, NULL, NULL, NULL, NULL, NULL, 'f0feeda4-069b-4379-a45d-4d4e133668e2', '339f992e-0925-4f6d-9e75-099bc520ad2c');
INSERT INTO fahrbeziehung (id, created_time, version, is_kreuzung, von, nach, knotenarm, hinein, heraus, vorbei, vonknotvonstrnr, nachknotvonstrnr, von_strnr, vonknotennachstrnr, nachknotnachstrnr, nach_strnr, hochrechnungsfaktor, zaehlung) VALUES ('0482144f-e22f-4ba0-8ea9-37b28922a2b0', '2026-02-05 13:46:59.479', 0, NULL, 4, 2, NULL, NULL, NULL, NULL, NULL, NULL, NULL, NULL, NULL, NULL, 'f0feeda4-069b-4379-a45d-4d4e133668e2', '339f992e-0925-4f6d-9e75-099bc520ad2c');
INSERT INTO fahrbeziehung (id, created_time, version, is_kreuzung, von, nach, knotenarm, hinein, heraus, vorbei, vonknotvonstrnr, nachknotvonstrnr, von_strnr, vonknotennachstrnr, nachknotnachstrnr, nach_strnr, hochrechnungsfaktor, zaehlung) VALUES ('d93ce293-9004-4c46-8b4c-904865c05d61', '2026-02-05 13:46:59.479', 0, NULL, 4, 3, NULL, NULL, NULL, NULL, NULL, NULL, NULL, NULL, NULL, NULL, 'f0feeda4-069b-4379-a45d-4d4e133668e2', '339f992e-0925-4f6d-9e75-099bc520ad2c');

INSERT INTO zeitintervall (id, created_time, version, busse, endeuhrzeit, fahrbeziehung_fahrbewegungkreisverkehr, fahrbeziehung_nach, fahrbeziehung_von, fahrbeziehung_id, fahrradfahrer, fussgaenger, hochrechnung_faktorgv, hochrechnung_faktorkfz, hochrechnung_faktorsv, hochrechnung_hochrechnunggv, hochrechnung_hochrechnungkfz, hochrechnungrad, hochrechnung_hochrechnungsv, kraftraeder, lastzuege, lkw, pkw, sortingindex, startuhrzeit, type, zaehlung_id) VALUES ('a3ba3161-d15b-4e95-bc96-e661007336bb', '2026-02-04 21:17:22.769', 1, 4, '1941-05-12 00:15:00', NULL, 1, 2, '9f059eaa-6263-469c-a492-c903d05e4f95', 6, 8, 1.00, 1.00, 1.00, 5.00, 15.00, NULL, 9.00, 5, 3, 2, 1, 11001000, '1941-05-12 00:00:00', 'STUNDE_VIERTEL', '442984fa-3b79-4b85-ab8d-ebf5e07c5a42');
INSERT INTO zeitintervall (id, created_time, version, busse, endeuhrzeit, fahrbeziehung_fahrbewegungkreisverkehr, fahrbeziehung_nach, fahrbeziehung_von, fahrbeziehung_id, fahrradfahrer, fussgaenger, hochrechnung_faktorgv, hochrechnung_faktorkfz, hochrechnung_faktorsv, hochrechnung_hochrechnunggv, hochrechnung_hochrechnungkfz, hochrechnungrad, hochrechnung_hochrechnungsv, kraftraeder, lastzuege, lkw, pkw, sortingindex, startuhrzeit, type, zaehlung_id) VALUES ('99ce6e55-69e6-4267-90aa-8c84598b754d', '2026-02-04 21:17:22.773', 1, 6, '1941-05-12 00:15:00', NULL, 3, 4, '335b9ece-e657-4442-ada7-e217e23013a6', 2, 1, 1.00, 1.00, 1.00, 75.00, 94.00, NULL, 81.00, 9, 42, 33, 4, 11001000, '1941-05-12 00:00:00', 'STUNDE_VIERTEL', '442984fa-3b79-4b85-ab8d-ebf5e07c5a42');
INSERT INTO zeitintervall (id, created_time, version, busse, endeuhrzeit, fahrbeziehung_fahrbewegungkreisverkehr, fahrbeziehung_nach, fahrbeziehung_von, fahrbeziehung_id, fahrradfahrer, fussgaenger, hochrechnung_faktorgv, hochrechnung_faktorkfz, hochrechnung_faktorsv, hochrechnung_hochrechnunggv, hochrechnung_hochrechnungkfz, hochrechnungrad, hochrechnung_hochrechnungsv, kraftraeder, lastzuege, lkw, pkw, sortingindex, startuhrzeit, type, zaehlung_id) VALUES ('6691f07c-7350-4fb8-80a4-81aa3ba9ca01', '2026-02-04 21:17:22.772', 1, 12, '1941-05-12 00:15:00', NULL, 2, 4, '6596ef92-fbf3-492d-af4b-3fd059ad2268', 23, 2, 1.00, 1.00, 1.00, 7.00, 65.00, NULL, 19.00, 34, 4, 3, 12, 11001000, '1941-05-12 00:00:00', 'STUNDE_VIERTEL', '442984fa-3b79-4b85-ab8d-ebf5e07c5a42');
INSERT INTO zeitintervall (id, created_time, version, busse, endeuhrzeit, fahrbeziehung_fahrbewegungkreisverkehr, fahrbeziehung_nach, fahrbeziehung_von, fahrbeziehung_id, fahrradfahrer, fussgaenger, hochrechnung_faktorgv, hochrechnung_faktorkfz, hochrechnung_faktorsv, hochrechnung_hochrechnunggv, hochrechnung_hochrechnungkfz, hochrechnungrad, hochrechnung_hochrechnungsv, kraftraeder, lastzuege, lkw, pkw, sortingindex, startuhrzeit, type, zaehlung_id) VALUES ('2aa2a747-cf44-4bb2-bc32-afd57a6a082f', '2026-02-04 21:17:22.768', 1, 6, '1941-05-12 00:15:00', NULL, 4, 1, '04776c43-9a41-4cc9-b990-29dcc37091c9', 2, 1, 1.00, 1.00, 1.00, 75.00, 94.00, NULL, 81.00, 9, 42, 33, 4, 11001000, '1941-05-12 00:00:00', 'STUNDE_VIERTEL', '442984fa-3b79-4b85-ab8d-ebf5e07c5a42');
INSERT INTO zeitintervall (id, created_time, version, busse, endeuhrzeit, fahrbeziehung_fahrbewegungkreisverkehr, fahrbeziehung_nach, fahrbeziehung_von, fahrbeziehung_id, fahrradfahrer, fussgaenger, hochrechnung_faktorgv, hochrechnung_faktorkfz, hochrechnung_faktorsv, hochrechnung_hochrechnunggv, hochrechnung_hochrechnungkfz, hochrechnungrad, hochrechnung_hochrechnungsv, kraftraeder, lastzuege, lkw, pkw, sortingindex, startuhrzeit, type, zaehlung_id) VALUES ('649b7192-c79c-420c-bac1-604d61b234ff', '2026-02-04 21:17:22.767', 1, 4, '1941-05-12 00:15:00', NULL, 2, 1, '4393fb61-6828-4043-a098-fb01e22d0083', 6, 8, 1.00, 1.00, 1.00, 5.00, 15.00, NULL, 9.00, 5, 3, 2, 1, 11001000, '1941-05-12 00:00:00', 'STUNDE_VIERTEL', '442984fa-3b79-4b85-ab8d-ebf5e07c5a42');
INSERT INTO zeitintervall (id, created_time, version, busse, endeuhrzeit, fahrbeziehung_fahrbewegungkreisverkehr, fahrbeziehung_nach, fahrbeziehung_von, fahrbeziehung_id, fahrradfahrer, fussgaenger, hochrechnung_faktorgv, hochrechnung_faktorkfz, hochrechnung_faktorsv, hochrechnung_hochrechnunggv, hochrechnung_hochrechnungkfz, hochrechnungrad, hochrechnung_hochrechnungsv, kraftraeder, lastzuege, lkw, pkw, sortingindex, startuhrzeit, type, zaehlung_id) VALUES ('9acc6c03-0d52-4353-88b3-34c54312180e', '2026-02-04 21:17:22.77', 1, 6, '1941-05-12 00:15:00', NULL, 4, 2, '5a545c5c-dea5-40f1-8eeb-001cd0ee2aab', 2, 1, 1.00, 1.00, 1.00, 75.00, 94.00, NULL, 81.00, 9, 42, 33, 4, 11001000, '1941-05-12 00:00:00', 'STUNDE_VIERTEL', '442984fa-3b79-4b85-ab8d-ebf5e07c5a42');
INSERT INTO zeitintervall (id, created_time, version, busse, endeuhrzeit, fahrbeziehung_fahrbewegungkreisverkehr, fahrbeziehung_nach, fahrbeziehung_von, fahrbeziehung_id, fahrradfahrer, fussgaenger, hochrechnung_faktorgv, hochrechnung_faktorkfz, hochrechnung_faktorsv, hochrechnung_hochrechnunggv, hochrechnung_hochrechnungkfz, hochrechnungrad, hochrechnung_hochrechnungsv, kraftraeder, lastzuege, lkw, pkw, sortingindex, startuhrzeit, type, zaehlung_id) VALUES ('3341d5b9-7599-49be-b5d8-b8c732be71df', '2026-02-04 21:17:22.77', 1, 4, '1941-05-12 00:15:00', NULL, 1, 3, '44d0f93f-9f10-436a-b4e6-78bf4a0ab2e8', 6, 8, 1.00, 1.00, 1.00, 5.00, 15.00, NULL, 9.00, 5, 3, 2, 1, 11001000, '1941-05-12 00:00:00', 'STUNDE_VIERTEL', '442984fa-3b79-4b85-ab8d-ebf5e07c5a42');
INSERT INTO zeitintervall (id, created_time, version, busse, endeuhrzeit, fahrbeziehung_fahrbewegungkreisverkehr, fahrbeziehung_nach, fahrbeziehung_von, fahrbeziehung_id, fahrradfahrer, fussgaenger, hochrechnung_faktorgv, hochrechnung_faktorkfz, hochrechnung_faktorsv, hochrechnung_hochrechnunggv, hochrechnung_hochrechnungkfz, hochrechnungrad, hochrechnung_hochrechnungsv, kraftraeder, lastzuege, lkw, pkw, sortingindex, startuhrzeit, type, zaehlung_id) VALUES ('7d69fc0f-4ee0-488b-897a-ebe8529f0256', '2026-02-04 21:17:22.77', 1, 12, '1941-05-12 00:15:00', NULL, 2, 3, '437becb1-c441-4b60-9569-75d9148abd6f', 23, 2, 1.00, 1.00, 1.00, 7.00, 65.00, NULL, 19.00, 34, 4, 3, 12, 11001000, '1941-05-12 00:00:00', 'STUNDE_VIERTEL', '442984fa-3b79-4b85-ab8d-ebf5e07c5a42');
INSERT INTO zeitintervall (id, created_time, version, busse, endeuhrzeit, fahrbeziehung_fahrbewegungkreisverkehr, fahrbeziehung_nach, fahrbeziehung_von, fahrbeziehung_id, fahrradfahrer, fussgaenger, hochrechnung_faktorgv, hochrechnung_faktorkfz, hochrechnung_faktorsv, hochrechnung_hochrechnunggv, hochrechnung_hochrechnungkfz, hochrechnungrad, hochrechnung_hochrechnungsv, kraftraeder, lastzuege, lkw, pkw, sortingindex, startuhrzeit, type, zaehlung_id) VALUES ('07168048-a680-4a9b-b1af-569e6bd3935f', '2026-02-04 21:17:22.768', 1, 12, '1941-05-12 00:15:00', NULL, 3, 1, 'a17909b0-1220-46bd-b483-1b1800211d3a', 23, 2, 1.00, 1.00, 1.00, 7.00, 65.00, NULL, 19.00, 34, 4, 3, 12, 11001000, '1941-05-12 00:00:00', 'STUNDE_VIERTEL', '442984fa-3b79-4b85-ab8d-ebf5e07c5a42');
INSERT INTO zeitintervall (id, created_time, version, busse, endeuhrzeit, fahrbeziehung_fahrbewegungkreisverkehr, fahrbeziehung_nach, fahrbeziehung_von, fahrbeziehung_id, fahrradfahrer, fussgaenger, hochrechnung_faktorgv, hochrechnung_faktorkfz, hochrechnung_faktorsv, hochrechnung_hochrechnunggv, hochrechnung_hochrechnungkfz, hochrechnungrad, hochrechnung_hochrechnungsv, kraftraeder, lastzuege, lkw, pkw, sortingindex, startuhrzeit, type, zaehlung_id) VALUES ('5811f36a-2637-4752-8efe-45a52b77364e', '2026-02-04 21:17:22.771', 1, 6, '1941-05-12 00:15:00', NULL, 4, 3, '430dfa9b-9cee-427b-b009-4f8db2cc9b1d', 2, 1, 1.00, 1.00, 1.00, 75.00, 94.00, NULL, 81.00, 9, 42, 33, 4, 11001000, '1941-05-12 00:00:00', 'STUNDE_VIERTEL', '442984fa-3b79-4b85-ab8d-ebf5e07c5a42');
INSERT INTO zeitintervall (id, created_time, version, busse, endeuhrzeit, fahrbeziehung_fahrbewegungkreisverkehr, fahrbeziehung_nach, fahrbeziehung_von, fahrbeziehung_id, fahrradfahrer, fussgaenger, hochrechnung_faktorgv, hochrechnung_faktorkfz, hochrechnung_faktorsv, hochrechnung_hochrechnunggv, hochrechnung_hochrechnungkfz, hochrechnungrad, hochrechnung_hochrechnungsv, kraftraeder, lastzuege, lkw, pkw, sortingindex, startuhrzeit, type, zaehlung_id) VALUES ('c61a4f6c-a4d3-427b-b1aa-4c6a778e7a68', '2026-02-04 21:17:22.769', 1, 12, '1941-05-12 00:15:00', NULL, 3, 2, '4b9300c8-8e9f-4c2a-8509-8505dca9b516', 23, 2, 1.00, 1.00, 1.00, 7.00, 65.00, NULL, 19.00, 34, 4, 3, 12, 11001000, '1941-05-12 00:00:00', 'STUNDE_VIERTEL', '442984fa-3b79-4b85-ab8d-ebf5e07c5a42');
INSERT INTO zeitintervall (id, created_time, version, busse, endeuhrzeit, fahrbeziehung_fahrbewegungkreisverkehr, fahrbeziehung_nach, fahrbeziehung_von, fahrbeziehung_id, fahrradfahrer, fussgaenger, hochrechnung_faktorgv, hochrechnung_faktorkfz, hochrechnung_faktorsv, hochrechnung_hochrechnunggv, hochrechnung_hochrechnungkfz, hochrechnungrad, hochrechnung_hochrechnungsv, kraftraeder, lastzuege, lkw, pkw, sortingindex, startuhrzeit, type, zaehlung_id) VALUES ('2460f76f-028c-4b2f-808f-7ba30515ca32', '2026-02-04 21:17:22.771', 1, 4, '1941-05-12 00:15:00', NULL, 1, 4, '3bc9fd94-0c8a-47ed-b23e-7bfa6e7fb8f3', 6, 8, 1.00, 1.00, 1.00, 5.00, 15.00, NULL, 9.00, 5, 3, 2, 1, 11001000, '1941-05-12 00:00:00', 'STUNDE_VIERTEL', '442984fa-3b79-4b85-ab8d-ebf5e07c5a42');
INSERT INTO zeitintervall (id, created_time, version, busse, endeuhrzeit, fahrbeziehung_fahrbewegungkreisverkehr, fahrbeziehung_nach, fahrbeziehung_von, fahrbeziehung_id, fahrradfahrer, fussgaenger, hochrechnung_faktorgv, hochrechnung_faktorkfz, hochrechnung_faktorsv, hochrechnung_hochrechnunggv, hochrechnung_hochrechnungkfz, hochrechnungrad, hochrechnung_hochrechnungsv, kraftraeder, lastzuege, lkw, pkw, sortingindex, startuhrzeit, type, zaehlung_id) VALUES ('cf33a801-5463-4a34-9407-37e4f2333bc1', '2026-02-04 21:17:22.77', 1, 13, '1941-05-12 00:30:00', NULL, 2, 3, '437becb1-c441-4b60-9569-75d9148abd6f', 24, 3, 1.00, 1.00, 1.00, 8.00, 69.00, NULL, 21.00, 35, 5, 3, 13, 11002001, '1941-05-12 00:15:00', 'STUNDE_VIERTEL', '442984fa-3b79-4b85-ab8d-ebf5e07c5a42');
INSERT INTO zeitintervall (id, created_time, version, busse, endeuhrzeit, fahrbeziehung_fahrbewegungkreisverkehr, fahrbeziehung_nach, fahrbeziehung_von, fahrbeziehung_id, fahrradfahrer, fussgaenger, hochrechnung_faktorgv, hochrechnung_faktorkfz, hochrechnung_faktorsv, hochrechnung_hochrechnunggv, hochrechnung_hochrechnungkfz, hochrechnungrad, hochrechnung_hochrechnungsv, kraftraeder, lastzuege, lkw, pkw, sortingindex, startuhrzeit, type, zaehlung_id) VALUES ('0675d561-faff-47a0-a334-bd7d1e4a1b85', '2026-02-04 21:17:22.77', 1, 5, '1941-05-12 00:30:00', NULL, 1, 3, '44d0f93f-9f10-436a-b4e6-78bf4a0ab2e8', 7, 9, 1.00, 1.00, 1.00, 16.00, 29.00, NULL, 21.00, 6, 4, 12, 2, 11002001, '1941-05-12 00:15:00', 'STUNDE_VIERTEL', '442984fa-3b79-4b85-ab8d-ebf5e07c5a42');
INSERT INTO zeitintervall (id, created_time, version, busse, endeuhrzeit, fahrbeziehung_fahrbewegungkreisverkehr, fahrbeziehung_nach, fahrbeziehung_von, fahrbeziehung_id, fahrradfahrer, fussgaenger, hochrechnung_faktorgv, hochrechnung_faktorkfz, hochrechnung_faktorsv, hochrechnung_hochrechnunggv, hochrechnung_hochrechnungkfz, hochrechnungrad, hochrechnung_hochrechnungsv, kraftraeder, lastzuege, lkw, pkw, sortingindex, startuhrzeit, type, zaehlung_id) VALUES ('c740c60f-4cbd-4ce2-b048-3828a1b7e0ef', '2026-02-04 21:17:22.773', 1, 7, '1941-05-12 00:30:00', NULL, 3, 4, '335b9ece-e657-4442-ada7-e217e23013a6', 3, 2, 1.00, 1.00, 1.00, 47.00, 69.00, NULL, 54.00, 10, 43, 4, 5, 11002001, '1941-05-12 00:15:00', 'STUNDE_VIERTEL', '442984fa-3b79-4b85-ab8d-ebf5e07c5a42');
INSERT INTO zeitintervall (id, created_time, version, busse, endeuhrzeit, fahrbeziehung_fahrbewegungkreisverkehr, fahrbeziehung_nach, fahrbeziehung_von, fahrbeziehung_id, fahrradfahrer, fussgaenger, hochrechnung_faktorgv, hochrechnung_faktorkfz, hochrechnung_faktorsv, hochrechnung_hochrechnunggv, hochrechnung_hochrechnungkfz, hochrechnungrad, hochrechnung_hochrechnungsv, kraftraeder, lastzuege, lkw, pkw, sortingindex, startuhrzeit, type, zaehlung_id) VALUES ('1f3176fa-6b40-487c-b7a9-8bb9c8f4f1c6', '2026-02-04 21:17:22.768', 1, 13, '1941-05-12 00:30:00', NULL, 3, 1, 'a17909b0-1220-46bd-b483-1b1800211d3a', 24, 3, 1.00, 1.00, 1.00, 8.00, 69.00, NULL, 21.00, 35, 5, 3, 13, 11002001, '1941-05-12 00:15:00', 'STUNDE_VIERTEL', '442984fa-3b79-4b85-ab8d-ebf5e07c5a42');
INSERT INTO zeitintervall (id, created_time, version, busse, endeuhrzeit, fahrbeziehung_fahrbewegungkreisverkehr, fahrbeziehung_nach, fahrbeziehung_von, fahrbeziehung_id, fahrradfahrer, fussgaenger, hochrechnung_faktorgv, hochrechnung_faktorkfz, hochrechnung_faktorsv, hochrechnung_hochrechnunggv, hochrechnung_hochrechnungkfz, hochrechnungrad, hochrechnung_hochrechnungsv, kraftraeder, lastzuege, lkw, pkw, sortingindex, startuhrzeit, type, zaehlung_id) VALUES ('f32de9e1-9919-4fba-9d04-e13920fedd74', '2026-02-04 21:17:22.768', 1, 7, '1941-05-12 00:30:00', NULL, 4, 1, '04776c43-9a41-4cc9-b990-29dcc37091c9', 3, 2, 1.00, 1.00, 1.00, 47.00, 69.00, NULL, 54.00, 10, 43, 4, 5, 11002001, '1941-05-12 00:15:00', 'STUNDE_VIERTEL', '442984fa-3b79-4b85-ab8d-ebf5e07c5a42');
INSERT INTO zeitintervall (id, created_time, version, busse, endeuhrzeit, fahrbeziehung_fahrbewegungkreisverkehr, fahrbeziehung_nach, fahrbeziehung_von, fahrbeziehung_id, fahrradfahrer, fussgaenger, hochrechnung_faktorgv, hochrechnung_faktorkfz, hochrechnung_faktorsv, hochrechnung_hochrechnunggv, hochrechnung_hochrechnungkfz, hochrechnungrad, hochrechnung_hochrechnungsv, kraftraeder, lastzuege, lkw, pkw, sortingindex, startuhrzeit, type, zaehlung_id) VALUES ('2a66301e-0c6a-42ee-a40a-ac35d9258e0b', '2026-02-04 21:17:22.772', 1, 13, '1941-05-12 00:30:00', NULL, 2, 4, '6596ef92-fbf3-492d-af4b-3fd059ad2268', 24, 3, 1.00, 1.00, 1.00, 8.00, 69.00, NULL, 21.00, 35, 5, 3, 13, 11002001, '1941-05-12 00:15:00', 'STUNDE_VIERTEL', '442984fa-3b79-4b85-ab8d-ebf5e07c5a42');
INSERT INTO zeitintervall (id, created_time, version, busse, endeuhrzeit, fahrbeziehung_fahrbewegungkreisverkehr, fahrbeziehung_nach, fahrbeziehung_von, fahrbeziehung_id, fahrradfahrer, fussgaenger, hochrechnung_faktorgv, hochrechnung_faktorkfz, hochrechnung_faktorsv, hochrechnung_hochrechnunggv, hochrechnung_hochrechnungkfz, hochrechnungrad, hochrechnung_hochrechnungsv, kraftraeder, lastzuege, lkw, pkw, sortingindex, startuhrzeit, type, zaehlung_id) VALUES ('47210842-be3e-4084-9aea-fd4c8668342f', '2026-02-04 21:17:22.769', 1, 5, '1941-05-12 00:30:00', NULL, 1, 2, '9f059eaa-6263-469c-a492-c903d05e4f95', 7, 9, 1.00, 1.00, 1.00, 16.00, 29.00, NULL, 21.00, 6, 4, 12, 2, 11002001, '1941-05-12 00:15:00', 'STUNDE_VIERTEL', '442984fa-3b79-4b85-ab8d-ebf5e07c5a42');
INSERT INTO zeitintervall (id, created_time, version, busse, endeuhrzeit, fahrbeziehung_fahrbewegungkreisverkehr, fahrbeziehung_nach, fahrbeziehung_von, fahrbeziehung_id, fahrradfahrer, fussgaenger, hochrechnung_faktorgv, hochrechnung_faktorkfz, hochrechnung_faktorsv, hochrechnung_hochrechnunggv, hochrechnung_hochrechnungkfz, hochrechnungrad, hochrechnung_hochrechnungsv, kraftraeder, lastzuege, lkw, pkw, sortingindex, startuhrzeit, type, zaehlung_id) VALUES ('7d72cb15-1c7c-457f-a3c9-6d6e6b7cf42a', '2026-02-04 21:17:22.767', 1, 5, '1941-05-12 00:30:00', NULL, 2, 1, '4393fb61-6828-4043-a098-fb01e22d0083', 7, 9, 1.00, 1.00, 1.00, 16.00, 29.00, NULL, 21.00, 6, 4, 12, 2, 11002001, '1941-05-12 00:15:00', 'STUNDE_VIERTEL', '442984fa-3b79-4b85-ab8d-ebf5e07c5a42');
INSERT INTO zeitintervall (id, created_time, version, busse, endeuhrzeit, fahrbeziehung_fahrbewegungkreisverkehr, fahrbeziehung_nach, fahrbeziehung_von, fahrbeziehung_id, fahrradfahrer, fussgaenger, hochrechnung_faktorgv, hochrechnung_faktorkfz, hochrechnung_faktorsv, hochrechnung_hochrechnunggv, hochrechnung_hochrechnungkfz, hochrechnungrad, hochrechnung_hochrechnungsv, kraftraeder, lastzuege, lkw, pkw, sortingindex, startuhrzeit, type, zaehlung_id) VALUES ('e8c80fde-c885-46f7-8f7d-10ee7ff63357', '2026-02-04 21:17:22.771', 1, 5, '1941-05-12 00:30:00', NULL, 1, 4, '3bc9fd94-0c8a-47ed-b23e-7bfa6e7fb8f3', 7, 9, 1.00, 1.00, 1.00, 16.00, 29.00, NULL, 21.00, 6, 4, 12, 2, 11002001, '1941-05-12 00:15:00', 'STUNDE_VIERTEL', '442984fa-3b79-4b85-ab8d-ebf5e07c5a42');
INSERT INTO zeitintervall (id, created_time, version, busse, endeuhrzeit, fahrbeziehung_fahrbewegungkreisverkehr, fahrbeziehung_nach, fahrbeziehung_von, fahrbeziehung_id, fahrradfahrer, fussgaenger, hochrechnung_faktorgv, hochrechnung_faktorkfz, hochrechnung_faktorsv, hochrechnung_hochrechnunggv, hochrechnung_hochrechnungkfz, hochrechnungrad, hochrechnung_hochrechnungsv, kraftraeder, lastzuege, lkw, pkw, sortingindex, startuhrzeit, type, zaehlung_id) VALUES ('c3672af1-dff1-48e3-a67e-dcc21d94679c', '2026-02-04 21:17:22.769', 1, 13, '1941-05-12 00:30:00', NULL, 3, 2, '4b9300c8-8e9f-4c2a-8509-8505dca9b516', 24, 3, 1.00, 1.00, 1.00, 8.00, 69.00, NULL, 21.00, 35, 5, 3, 13, 11002001, '1941-05-12 00:15:00', 'STUNDE_VIERTEL', '442984fa-3b79-4b85-ab8d-ebf5e07c5a42');
INSERT INTO zeitintervall (id, created_time, version, busse, endeuhrzeit, fahrbeziehung_fahrbewegungkreisverkehr, fahrbeziehung_nach, fahrbeziehung_von, fahrbeziehung_id, fahrradfahrer, fussgaenger, hochrechnung_faktorgv, hochrechnung_faktorkfz, hochrechnung_faktorsv, hochrechnung_hochrechnunggv, hochrechnung_hochrechnungkfz, hochrechnungrad, hochrechnung_hochrechnungsv, kraftraeder, lastzuege, lkw, pkw, sortingindex, startuhrzeit, type, zaehlung_id) VALUES ('48bb35a5-c813-4ae9-8818-916760b27e16', '2026-02-04 21:17:22.771', 1, 7, '1941-05-12 00:30:00', NULL, 4, 3, '430dfa9b-9cee-427b-b009-4f8db2cc9b1d', 3, 2, 1.00, 1.00, 1.00, 47.00, 69.00, NULL, 54.00, 10, 43, 4, 5, 11002001, '1941-05-12 00:15:00', 'STUNDE_VIERTEL', '442984fa-3b79-4b85-ab8d-ebf5e07c5a42');
INSERT INTO zeitintervall (id, created_time, version, busse, endeuhrzeit, fahrbeziehung_fahrbewegungkreisverkehr, fahrbeziehung_nach, fahrbeziehung_von, fahrbeziehung_id, fahrradfahrer, fussgaenger, hochrechnung_faktorgv, hochrechnung_faktorkfz, hochrechnung_faktorsv, hochrechnung_hochrechnunggv, hochrechnung_hochrechnungkfz, hochrechnungrad, hochrechnung_hochrechnungsv, kraftraeder, lastzuege, lkw, pkw, sortingindex, startuhrzeit, type, zaehlung_id) VALUES ('8a197629-3dfe-4f68-bd6c-bc047960a658', '2026-02-04 21:17:22.77', 1, 7, '1941-05-12 00:30:00', NULL, 4, 2, '5a545c5c-dea5-40f1-8eeb-001cd0ee2aab', 3, 2, 1.00, 1.00, 1.00, 47.00, 69.00, NULL, 54.00, 10, 43, 4, 5, 11002001, '1941-05-12 00:15:00', 'STUNDE_VIERTEL', '442984fa-3b79-4b85-ab8d-ebf5e07c5a42');
INSERT INTO zeitintervall (id, created_time, version, busse, endeuhrzeit, fahrbeziehung_fahrbewegungkreisverkehr, fahrbeziehung_nach, fahrbeziehung_von, fahrbeziehung_id, fahrradfahrer, fussgaenger, hochrechnung_faktorgv, hochrechnung_faktorkfz, hochrechnung_faktorsv, hochrechnung_hochrechnunggv, hochrechnung_hochrechnungkfz, hochrechnungrad, hochrechnung_hochrechnungsv, kraftraeder, lastzuege, lkw, pkw, sortingindex, startuhrzeit, type, zaehlung_id) VALUES ('383b1aa1-f80f-43e9-9083-892f071ddbba', '2026-02-04 21:17:22.773', 1, 8, '1941-05-12 00:45:00', NULL, 3, 4, '335b9ece-e657-4442-ada7-e217e23013a6', 4, 3, 1.00, 1.00, 1.00, 48.00, 73.00, NULL, 56.00, 11, 44, 4, 6, 11003002, '1941-05-12 00:30:00', 'STUNDE_VIERTEL', '442984fa-3b79-4b85-ab8d-ebf5e07c5a42');
INSERT INTO zeitintervall (id, created_time, version, busse, endeuhrzeit, fahrbeziehung_fahrbewegungkreisverkehr, fahrbeziehung_nach, fahrbeziehung_von, fahrbeziehung_id, fahrradfahrer, fussgaenger, hochrechnung_faktorgv, hochrechnung_faktorkfz, hochrechnung_faktorsv, hochrechnung_hochrechnunggv, hochrechnung_hochrechnungkfz, hochrechnungrad, hochrechnung_hochrechnungsv, kraftraeder, lastzuege, lkw, pkw, sortingindex, startuhrzeit, type, zaehlung_id) VALUES ('afc13965-ba7c-4daa-90a6-e600371bbe28', '2026-02-04 21:17:22.77', 1, 8, '1941-05-12 00:45:00', NULL, 4, 2, '5a545c5c-dea5-40f1-8eeb-001cd0ee2aab', 4, 3, 1.00, 1.00, 1.00, 48.00, 73.00, NULL, 56.00, 11, 44, 4, 6, 11003002, '1941-05-12 00:30:00', 'STUNDE_VIERTEL', '442984fa-3b79-4b85-ab8d-ebf5e07c5a42');
INSERT INTO zeitintervall (id, created_time, version, busse, endeuhrzeit, fahrbeziehung_fahrbewegungkreisverkehr, fahrbeziehung_nach, fahrbeziehung_von, fahrbeziehung_id, fahrradfahrer, fussgaenger, hochrechnung_faktorgv, hochrechnung_faktorkfz, hochrechnung_faktorsv, hochrechnung_hochrechnunggv, hochrechnung_hochrechnungkfz, hochrechnungrad, hochrechnung_hochrechnungsv, kraftraeder, lastzuege, lkw, pkw, sortingindex, startuhrzeit, type, zaehlung_id) VALUES ('aec338e5-3054-4e02-936b-cfca559111f4', '2026-02-04 21:17:22.771', 1, 8, '1941-05-12 00:45:00', NULL, 4, 3, '430dfa9b-9cee-427b-b009-4f8db2cc9b1d', 4, 3, 1.00, 1.00, 1.00, 48.00, 73.00, NULL, 56.00, 11, 44, 4, 6, 11003002, '1941-05-12 00:30:00', 'STUNDE_VIERTEL', '442984fa-3b79-4b85-ab8d-ebf5e07c5a42');
INSERT INTO zeitintervall (id, created_time, version, busse, endeuhrzeit, fahrbeziehung_fahrbewegungkreisverkehr, fahrbeziehung_nach, fahrbeziehung_von, fahrbeziehung_id, fahrradfahrer, fussgaenger, hochrechnung_faktorgv, hochrechnung_faktorkfz, hochrechnung_faktorsv, hochrechnung_hochrechnunggv, hochrechnung_hochrechnungkfz, hochrechnungrad, hochrechnung_hochrechnungsv, kraftraeder, lastzuege, lkw, pkw, sortingindex, startuhrzeit, type, zaehlung_id) VALUES ('bb4a0d74-1f0f-4432-ac1f-554ca72118e3', '2026-02-04 21:17:22.77', 1, 6, '1941-05-12 00:45:00', NULL, 1, 3, '44d0f93f-9f10-436a-b4e6-78bf4a0ab2e8', 8, 10, 1.00, 1.00, 1.00, 39.00, 55.00, NULL, 45.00, 7, 5, 34, 3, 11003002, '1941-05-12 00:30:00', 'STUNDE_VIERTEL', '442984fa-3b79-4b85-ab8d-ebf5e07c5a42');
INSERT INTO zeitintervall (id, created_time, version, busse, endeuhrzeit, fahrbeziehung_fahrbewegungkreisverkehr, fahrbeziehung_nach, fahrbeziehung_von, fahrbeziehung_id, fahrradfahrer, fussgaenger, hochrechnung_faktorgv, hochrechnung_faktorkfz, hochrechnung_faktorsv, hochrechnung_hochrechnunggv, hochrechnung_hochrechnungkfz, hochrechnungrad, hochrechnung_hochrechnungsv, kraftraeder, lastzuege, lkw, pkw, sortingindex, startuhrzeit, type, zaehlung_id) VALUES ('4f467067-c289-4971-bf93-1dfb5dd83b05', '2026-02-04 21:17:22.772', 1, 14, '1941-05-12 00:45:00', NULL, 2, 4, '6596ef92-fbf3-492d-af4b-3fd059ad2268', 25, 4, 1.00, 1.00, 1.00, 19.00, 83.00, NULL, 33.00, 36, 6, 13, 14, 11003002, '1941-05-12 00:30:00', 'STUNDE_VIERTEL', '442984fa-3b79-4b85-ab8d-ebf5e07c5a42');
INSERT INTO zeitintervall (id, created_time, version, busse, endeuhrzeit, fahrbeziehung_fahrbewegungkreisverkehr, fahrbeziehung_nach, fahrbeziehung_von, fahrbeziehung_id, fahrradfahrer, fussgaenger, hochrechnung_faktorgv, hochrechnung_faktorkfz, hochrechnung_faktorsv, hochrechnung_hochrechnunggv, hochrechnung_hochrechnungkfz, hochrechnungrad, hochrechnung_hochrechnungsv, kraftraeder, lastzuege, lkw, pkw, sortingindex, startuhrzeit, type, zaehlung_id) VALUES ('ca7ac5df-a72c-4afd-a2a2-fdf83aae86f9', '2026-02-04 21:17:22.77', 1, 14, '1941-05-12 00:45:00', NULL, 2, 3, '437becb1-c441-4b60-9569-75d9148abd6f', 25, 4, 1.00, 1.00, 1.00, 19.00, 83.00, NULL, 33.00, 36, 6, 13, 14, 11003002, '1941-05-12 00:30:00', 'STUNDE_VIERTEL', '442984fa-3b79-4b85-ab8d-ebf5e07c5a42');
INSERT INTO zeitintervall (id, created_time, version, busse, endeuhrzeit, fahrbeziehung_fahrbewegungkreisverkehr, fahrbeziehung_nach, fahrbeziehung_von, fahrbeziehung_id, fahrradfahrer, fussgaenger, hochrechnung_faktorgv, hochrechnung_faktorkfz, hochrechnung_faktorsv, hochrechnung_hochrechnunggv, hochrechnung_hochrechnungkfz, hochrechnungrad, hochrechnung_hochrechnungsv, kraftraeder, lastzuege, lkw, pkw, sortingindex, startuhrzeit, type, zaehlung_id) VALUES ('0cdde828-fcc5-406d-9933-5586e72125ff', '2026-02-04 21:17:22.768', 1, 8, '1941-05-12 00:45:00', NULL, 4, 1, '04776c43-9a41-4cc9-b990-29dcc37091c9', 4, 3, 1.00, 1.00, 1.00, 48.00, 73.00, NULL, 56.00, 11, 44, 4, 6, 11003002, '1941-05-12 00:30:00', 'STUNDE_VIERTEL', '442984fa-3b79-4b85-ab8d-ebf5e07c5a42');
INSERT INTO zeitintervall (id, created_time, version, busse, endeuhrzeit, fahrbeziehung_fahrbewegungkreisverkehr, fahrbeziehung_nach, fahrbeziehung_von, fahrbeziehung_id, fahrradfahrer, fussgaenger, hochrechnung_faktorgv, hochrechnung_faktorkfz, hochrechnung_faktorsv, hochrechnung_hochrechnunggv, hochrechnung_hochrechnungkfz, hochrechnungrad, hochrechnung_hochrechnungsv, kraftraeder, lastzuege, lkw, pkw, sortingindex, startuhrzeit, type, zaehlung_id) VALUES ('310f6909-bea1-4b4f-b241-363ea3d84637', '2026-02-04 21:17:22.768', 1, 14, '1941-05-12 00:45:00', NULL, 3, 1, 'a17909b0-1220-46bd-b483-1b1800211d3a', 25, 4, 1.00, 1.00, 1.00, 19.00, 83.00, NULL, 33.00, 36, 6, 13, 14, 11003002, '1941-05-12 00:30:00', 'STUNDE_VIERTEL', '442984fa-3b79-4b85-ab8d-ebf5e07c5a42');
INSERT INTO zeitintervall (id, created_time, version, busse, endeuhrzeit, fahrbeziehung_fahrbewegungkreisverkehr, fahrbeziehung_nach, fahrbeziehung_von, fahrbeziehung_id, fahrradfahrer, fussgaenger, hochrechnung_faktorgv, hochrechnung_faktorkfz, hochrechnung_faktorsv, hochrechnung_hochrechnunggv, hochrechnung_hochrechnungkfz, hochrechnungrad, hochrechnung_hochrechnungsv, kraftraeder, lastzuege, lkw, pkw, sortingindex, startuhrzeit, type, zaehlung_id) VALUES ('434b6e52-0727-4836-96fe-e229272722ff', '2026-02-04 21:17:22.769', 1, 6, '1941-05-12 00:45:00', NULL, 1, 2, '9f059eaa-6263-469c-a492-c903d05e4f95', 8, 10, 1.00, 1.00, 1.00, 39.00, 55.00, NULL, 45.00, 7, 5, 34, 3, 11003002, '1941-05-12 00:30:00', 'STUNDE_VIERTEL', '442984fa-3b79-4b85-ab8d-ebf5e07c5a42');
INSERT INTO zeitintervall (id, created_time, version, busse, endeuhrzeit, fahrbeziehung_fahrbewegungkreisverkehr, fahrbeziehung_nach, fahrbeziehung_von, fahrbeziehung_id, fahrradfahrer, fussgaenger, hochrechnung_faktorgv, hochrechnung_faktorkfz, hochrechnung_faktorsv, hochrechnung_hochrechnunggv, hochrechnung_hochrechnungkfz, hochrechnungrad, hochrechnung_hochrechnungsv, kraftraeder, lastzuege, lkw, pkw, sortingindex, startuhrzeit, type, zaehlung_id) VALUES ('6dfde94d-6b40-4310-9b3f-2b8233db6da5', '2026-02-04 21:17:22.769', 1, 14, '1941-05-12 00:45:00', NULL, 3, 2, '4b9300c8-8e9f-4c2a-8509-8505dca9b516', 25, 4, 1.00, 1.00, 1.00, 19.00, 83.00, NULL, 33.00, 36, 6, 13, 14, 11003002, '1941-05-12 00:30:00', 'STUNDE_VIERTEL', '442984fa-3b79-4b85-ab8d-ebf5e07c5a42');
INSERT INTO zeitintervall (id, created_time, version, busse, endeuhrzeit, fahrbeziehung_fahrbewegungkreisverkehr, fahrbeziehung_nach, fahrbeziehung_von, fahrbeziehung_id, fahrradfahrer, fussgaenger, hochrechnung_faktorgv, hochrechnung_faktorkfz, hochrechnung_faktorsv, hochrechnung_hochrechnunggv, hochrechnung_hochrechnungkfz, hochrechnungrad, hochrechnung_hochrechnungsv, kraftraeder, lastzuege, lkw, pkw, sortingindex, startuhrzeit, type, zaehlung_id) VALUES ('9708c836-967d-4ecd-a218-ac5d6a9281db', '2026-02-04 21:17:22.771', 1, 6, '1941-05-12 00:45:00', NULL, 1, 4, '3bc9fd94-0c8a-47ed-b23e-7bfa6e7fb8f3', 8, 10, 1.00, 1.00, 1.00, 39.00, 55.00, NULL, 45.00, 7, 5, 34, 3, 11003002, '1941-05-12 00:30:00', 'STUNDE_VIERTEL', '442984fa-3b79-4b85-ab8d-ebf5e07c5a42');
INSERT INTO zeitintervall (id, created_time, version, busse, endeuhrzeit, fahrbeziehung_fahrbewegungkreisverkehr, fahrbeziehung_nach, fahrbeziehung_von, fahrbeziehung_id, fahrradfahrer, fussgaenger, hochrechnung_faktorgv, hochrechnung_faktorkfz, hochrechnung_faktorsv, hochrechnung_hochrechnunggv, hochrechnung_hochrechnungkfz, hochrechnungrad, hochrechnung_hochrechnungsv, kraftraeder, lastzuege, lkw, pkw, sortingindex, startuhrzeit, type, zaehlung_id) VALUES ('31b00837-6d92-4f07-b107-d199f61063e8', '2026-02-04 21:17:22.767', 1, 6, '1941-05-12 00:45:00', NULL, 2, 1, '4393fb61-6828-4043-a098-fb01e22d0083', 8, 10, 1.00, 1.00, 1.00, 39.00, 55.00, NULL, 45.00, 7, 5, 34, 3, 11003002, '1941-05-12 00:30:00', 'STUNDE_VIERTEL', '442984fa-3b79-4b85-ab8d-ebf5e07c5a42');
INSERT INTO zeitintervall (id, created_time, version, busse, endeuhrzeit, fahrbeziehung_fahrbewegungkreisverkehr, fahrbeziehung_nach, fahrbeziehung_von, fahrbeziehung_id, fahrradfahrer, fussgaenger, hochrechnung_faktorgv, hochrechnung_faktorkfz, hochrechnung_faktorsv, hochrechnung_hochrechnunggv, hochrechnung_hochrechnungkfz, hochrechnungrad, hochrechnung_hochrechnungsv, kraftraeder, lastzuege, lkw, pkw, sortingindex, startuhrzeit, type, zaehlung_id) VALUES ('50f3f3cc-9507-45f6-90f6-f8eb21caa278', '2026-02-04 21:17:22.771', 1, 7, '1941-05-12 01:00:00', NULL, 1, 4, '3bc9fd94-0c8a-47ed-b23e-7bfa6e7fb8f3', 9, 11, 1.00, 1.00, 1.00, 11.00, 30.00, NULL, 18.00, 8, 6, 5, 4, 11004003, '1941-05-12 00:45:00', 'STUNDE_VIERTEL', '442984fa-3b79-4b85-ab8d-ebf5e07c5a42');
INSERT INTO zeitintervall (id, created_time, version, busse, endeuhrzeit, fahrbeziehung_fahrbewegungkreisverkehr, fahrbeziehung_nach, fahrbeziehung_von, fahrbeziehung_id, fahrradfahrer, fussgaenger, hochrechnung_faktorgv, hochrechnung_faktorkfz, hochrechnung_faktorsv, hochrechnung_hochrechnunggv, hochrechnung_hochrechnungkfz, hochrechnungrad, hochrechnung_hochrechnungsv, kraftraeder, lastzuege, lkw, pkw, sortingindex, startuhrzeit, type, zaehlung_id) VALUES ('b0856c21-2b62-4d9c-893c-cce5681edfd5', '2026-02-04 21:17:22.769', 1, 7, '1941-05-12 01:00:00', NULL, 1, 2, '9f059eaa-6263-469c-a492-c903d05e4f95', 9, 11, 1.00, 1.00, 1.00, 11.00, 30.00, NULL, 18.00, 8, 6, 5, 4, 11004003, '1941-05-12 00:45:00', 'STUNDE_VIERTEL', '442984fa-3b79-4b85-ab8d-ebf5e07c5a42');
INSERT INTO zeitintervall (id, created_time, version, busse, endeuhrzeit, fahrbeziehung_fahrbewegungkreisverkehr, fahrbeziehung_nach, fahrbeziehung_von, fahrbeziehung_id, fahrradfahrer, fussgaenger, hochrechnung_faktorgv, hochrechnung_faktorkfz, hochrechnung_faktorsv, hochrechnung_hochrechnunggv, hochrechnung_hochrechnungkfz, hochrechnungrad, hochrechnung_hochrechnungsv, kraftraeder, lastzuege, lkw, pkw, sortingindex, startuhrzeit, type, zaehlung_id) VALUES ('851bc9c1-83a5-4595-a72d-de1f0cd5667d', '2026-02-04 21:17:22.77', 1, 9, '1941-05-12 01:00:00', NULL, 4, 2, '5a545c5c-dea5-40f1-8eeb-001cd0ee2aab', 5, 4, 1.00, 1.00, 1.00, 59.00, 87.00, NULL, 68.00, 12, 45, 14, 7, 11004003, '1941-05-12 00:45:00', 'STUNDE_VIERTEL', '442984fa-3b79-4b85-ab8d-ebf5e07c5a42');
INSERT INTO zeitintervall (id, created_time, version, busse, endeuhrzeit, fahrbeziehung_fahrbewegungkreisverkehr, fahrbeziehung_nach, fahrbeziehung_von, fahrbeziehung_id, fahrradfahrer, fussgaenger, hochrechnung_faktorgv, hochrechnung_faktorkfz, hochrechnung_faktorsv, hochrechnung_hochrechnunggv, hochrechnung_hochrechnungkfz, hochrechnungrad, hochrechnung_hochrechnungsv, kraftraeder, lastzuege, lkw, pkw, sortingindex, startuhrzeit, type, zaehlung_id) VALUES ('cc7bdbd7-e23c-4e04-a73c-b85f39cceccd', '2026-02-04 21:17:22.768', 1, 15, '1941-05-12 01:00:00', NULL, 3, 1, 'a17909b0-1220-46bd-b483-1b1800211d3a', 26, 5, 1.00, 1.00, 1.00, 42.00, 109.00, NULL, 57.00, 37, 7, 35, 15, 11004003, '1941-05-12 00:45:00', 'STUNDE_VIERTEL', '442984fa-3b79-4b85-ab8d-ebf5e07c5a42');
INSERT INTO zeitintervall (id, created_time, version, busse, endeuhrzeit, fahrbeziehung_fahrbewegungkreisverkehr, fahrbeziehung_nach, fahrbeziehung_von, fahrbeziehung_id, fahrradfahrer, fussgaenger, hochrechnung_faktorgv, hochrechnung_faktorkfz, hochrechnung_faktorsv, hochrechnung_hochrechnunggv, hochrechnung_hochrechnungkfz, hochrechnungrad, hochrechnung_hochrechnungsv, kraftraeder, lastzuege, lkw, pkw, sortingindex, startuhrzeit, type, zaehlung_id) VALUES ('66a94cfa-3d5e-4298-bdc8-f6412c7d0b24', '2026-02-04 21:17:22.77', 1, 7, '1941-05-12 01:00:00', NULL, 1, 3, '44d0f93f-9f10-436a-b4e6-78bf4a0ab2e8', 9, 11, 1.00, 1.00, 1.00, 11.00, 30.00, NULL, 18.00, 8, 6, 5, 4, 11004003, '1941-05-12 00:45:00', 'STUNDE_VIERTEL', '442984fa-3b79-4b85-ab8d-ebf5e07c5a42');
INSERT INTO zeitintervall (id, created_time, version, busse, endeuhrzeit, fahrbeziehung_fahrbewegungkreisverkehr, fahrbeziehung_nach, fahrbeziehung_von, fahrbeziehung_id, fahrradfahrer, fussgaenger, hochrechnung_faktorgv, hochrechnung_faktorkfz, hochrechnung_faktorsv, hochrechnung_hochrechnunggv, hochrechnung_hochrechnungkfz, hochrechnungrad, hochrechnung_hochrechnungsv, kraftraeder, lastzuege, lkw, pkw, sortingindex, startuhrzeit, type, zaehlung_id) VALUES ('fd202998-23ad-4081-9539-3d423791ddf9', '2026-02-04 21:17:22.769', 1, 15, '1941-05-12 01:00:00', NULL, 3, 2, '4b9300c8-8e9f-4c2a-8509-8505dca9b516', 26, 5, 1.00, 1.00, 1.00, 42.00, 109.00, NULL, 57.00, 37, 7, 35, 15, 11004003, '1941-05-12 00:45:00', 'STUNDE_VIERTEL', '442984fa-3b79-4b85-ab8d-ebf5e07c5a42');
INSERT INTO zeitintervall (id, created_time, version, busse, endeuhrzeit, fahrbeziehung_fahrbewegungkreisverkehr, fahrbeziehung_nach, fahrbeziehung_von, fahrbeziehung_id, fahrradfahrer, fussgaenger, hochrechnung_faktorgv, hochrechnung_faktorkfz, hochrechnung_faktorsv, hochrechnung_hochrechnunggv, hochrechnung_hochrechnungkfz, hochrechnungrad, hochrechnung_hochrechnungsv, kraftraeder, lastzuege, lkw, pkw, sortingindex, startuhrzeit, type, zaehlung_id) VALUES ('d28b380c-1c0b-4df9-8f92-58a8c557a9f8', '2026-02-04 21:17:22.773', 1, 9, '1941-05-12 01:00:00', NULL, 3, 4, '335b9ece-e657-4442-ada7-e217e23013a6', 5, 4, 1.00, 1.00, 1.00, 59.00, 87.00, NULL, 68.00, 12, 45, 14, 7, 11004003, '1941-05-12 00:45:00', 'STUNDE_VIERTEL', '442984fa-3b79-4b85-ab8d-ebf5e07c5a42');
INSERT INTO zeitintervall (id, created_time, version, busse, endeuhrzeit, fahrbeziehung_fahrbewegungkreisverkehr, fahrbeziehung_nach, fahrbeziehung_von, fahrbeziehung_id, fahrradfahrer, fussgaenger, hochrechnung_faktorgv, hochrechnung_faktorkfz, hochrechnung_faktorsv, hochrechnung_hochrechnunggv, hochrechnung_hochrechnungkfz, hochrechnungrad, hochrechnung_hochrechnungsv, kraftraeder, lastzuege, lkw, pkw, sortingindex, startuhrzeit, type, zaehlung_id) VALUES ('75e28ede-759f-4188-954c-ee66a5ca99d0', '2026-02-04 21:17:22.771', 1, 9, '1941-05-12 01:00:00', NULL, 4, 3, '430dfa9b-9cee-427b-b009-4f8db2cc9b1d', 5, 4, 1.00, 1.00, 1.00, 59.00, 87.00, NULL, 68.00, 12, 45, 14, 7, 11004003, '1941-05-12 00:45:00', 'STUNDE_VIERTEL', '442984fa-3b79-4b85-ab8d-ebf5e07c5a42');
INSERT INTO zeitintervall (id, created_time, version, busse, endeuhrzeit, fahrbeziehung_fahrbewegungkreisverkehr, fahrbeziehung_nach, fahrbeziehung_von, fahrbeziehung_id, fahrradfahrer, fussgaenger, hochrechnung_faktorgv, hochrechnung_faktorkfz, hochrechnung_faktorsv, hochrechnung_hochrechnunggv, hochrechnung_hochrechnungkfz, hochrechnungrad, hochrechnung_hochrechnungsv, kraftraeder, lastzuege, lkw, pkw, sortingindex, startuhrzeit, type, zaehlung_id) VALUES ('c83f3f24-a248-4e11-8560-a1637b12e5b7', '2026-02-04 21:17:22.768', 1, 9, '1941-05-12 01:00:00', NULL, 4, 1, '04776c43-9a41-4cc9-b990-29dcc37091c9', 5, 4, 1.00, 1.00, 1.00, 59.00, 87.00, NULL, 68.00, 12, 45, 14, 7, 11004003, '1941-05-12 00:45:00', 'STUNDE_VIERTEL', '442984fa-3b79-4b85-ab8d-ebf5e07c5a42');
INSERT INTO zeitintervall (id, created_time, version, busse, endeuhrzeit, fahrbeziehung_fahrbewegungkreisverkehr, fahrbeziehung_nach, fahrbeziehung_von, fahrbeziehung_id, fahrradfahrer, fussgaenger, hochrechnung_faktorgv, hochrechnung_faktorkfz, hochrechnung_faktorsv, hochrechnung_hochrechnunggv, hochrechnung_hochrechnungkfz, hochrechnungrad, hochrechnung_hochrechnungsv, kraftraeder, lastzuege, lkw, pkw, sortingindex, startuhrzeit, type, zaehlung_id) VALUES ('0f904270-4866-41d7-975d-3fa4b7576367', '2026-02-04 21:17:22.767', 1, 7, '1941-05-12 01:00:00', NULL, 2, 1, '4393fb61-6828-4043-a098-fb01e22d0083', 9, 11, 1.00, 1.00, 1.00, 11.00, 30.00, NULL, 18.00, 8, 6, 5, 4, 11004003, '1941-05-12 00:45:00', 'STUNDE_VIERTEL', '442984fa-3b79-4b85-ab8d-ebf5e07c5a42');
INSERT INTO zeitintervall (id, created_time, version, busse, endeuhrzeit, fahrbeziehung_fahrbewegungkreisverkehr, fahrbeziehung_nach, fahrbeziehung_von, fahrbeziehung_id, fahrradfahrer, fussgaenger, hochrechnung_faktorgv, hochrechnung_faktorkfz, hochrechnung_faktorsv, hochrechnung_hochrechnunggv, hochrechnung_hochrechnungkfz, hochrechnungrad, hochrechnung_hochrechnungsv, kraftraeder, lastzuege, lkw, pkw, sortingindex, startuhrzeit, type, zaehlung_id) VALUES ('5797dd0d-56ce-40ae-bff1-36950aa8beab', '2026-02-04 21:17:22.77', 1, 15, '1941-05-12 01:00:00', NULL, 2, 3, '437becb1-c441-4b60-9569-75d9148abd6f', 26, 5, 1.00, 1.00, 1.00, 42.00, 109.00, NULL, 57.00, 37, 7, 35, 15, 11004003, '1941-05-12 00:45:00', 'STUNDE_VIERTEL', '442984fa-3b79-4b85-ab8d-ebf5e07c5a42');
INSERT INTO zeitintervall (id, created_time, version, busse, endeuhrzeit, fahrbeziehung_fahrbewegungkreisverkehr, fahrbeziehung_nach, fahrbeziehung_von, fahrbeziehung_id, fahrradfahrer, fussgaenger, hochrechnung_faktorgv, hochrechnung_faktorkfz, hochrechnung_faktorsv, hochrechnung_hochrechnunggv, hochrechnung_hochrechnungkfz, hochrechnungrad, hochrechnung_hochrechnungsv, kraftraeder, lastzuege, lkw, pkw, sortingindex, startuhrzeit, type, zaehlung_id) VALUES ('a0cc3b30-5700-4482-914c-76e1cf6d135a', '2026-02-04 21:17:22.772', 1, 15, '1941-05-12 01:00:00', NULL, 2, 4, '6596ef92-fbf3-492d-af4b-3fd059ad2268', 26, 5, 1.00, 1.00, 1.00, 42.00, 109.00, NULL, 57.00, 37, 7, 35, 15, 11004003, '1941-05-12 00:45:00', 'STUNDE_VIERTEL', '442984fa-3b79-4b85-ab8d-ebf5e07c5a42');
INSERT INTO zeitintervall (id, created_time, version, busse, endeuhrzeit, fahrbeziehung_fahrbewegungkreisverkehr, fahrbeziehung_nach, fahrbeziehung_von, fahrbeziehung_id, fahrradfahrer, fussgaenger, hochrechnung_faktorgv, hochrechnung_faktorkfz, hochrechnung_faktorsv, hochrechnung_hochrechnunggv, hochrechnung_hochrechnungkfz, hochrechnungrad, hochrechnung_hochrechnungsv, kraftraeder, lastzuege, lkw, pkw, sortingindex, startuhrzeit, type, zaehlung_id) VALUES ('43eb7904-59d4-46bf-adad-e7751fefe8e3', '2026-02-04 21:17:22.77', 1, 16, '1941-05-12 01:15:00', NULL, 2, 3, '437becb1-c441-4b60-9569-75d9148abd6f', 27, 6, 1.00, 1.00, 1.00, 14.00, 84.00, NULL, 30.00, 38, 8, 6, 16, 11005004, '1941-05-12 01:00:00', 'STUNDE_VIERTEL', '442984fa-3b79-4b85-ab8d-ebf5e07c5a42');
INSERT INTO zeitintervall (id, created_time, version, busse, endeuhrzeit, fahrbeziehung_fahrbewegungkreisverkehr, fahrbeziehung_nach, fahrbeziehung_von, fahrbeziehung_id, fahrradfahrer, fussgaenger, hochrechnung_faktorgv, hochrechnung_faktorkfz, hochrechnung_faktorsv, hochrechnung_hochrechnunggv, hochrechnung_hochrechnungkfz, hochrechnungrad, hochrechnung_hochrechnungsv, kraftraeder, lastzuege, lkw, pkw, sortingindex, startuhrzeit, type, zaehlung_id) VALUES ('b017fd0d-a192-4089-bf83-aa3687b7e277', '2026-02-04 21:17:22.767', 1, 8, '1941-05-12 01:15:00', NULL, 2, 1, '4393fb61-6828-4043-a098-fb01e22d0083', 10, 12, 1.00, 1.00, 1.00, 12.00, 34.00, NULL, 20.00, 9, 7, 5, 5, 11005004, '1941-05-12 01:00:00', 'STUNDE_VIERTEL', '442984fa-3b79-4b85-ab8d-ebf5e07c5a42');
INSERT INTO zeitintervall (id, created_time, version, busse, endeuhrzeit, fahrbeziehung_fahrbewegungkreisverkehr, fahrbeziehung_nach, fahrbeziehung_von, fahrbeziehung_id, fahrradfahrer, fussgaenger, hochrechnung_faktorgv, hochrechnung_faktorkfz, hochrechnung_faktorsv, hochrechnung_hochrechnunggv, hochrechnung_hochrechnungkfz, hochrechnungrad, hochrechnung_hochrechnungsv, kraftraeder, lastzuege, lkw, pkw, sortingindex, startuhrzeit, type, zaehlung_id) VALUES ('e6b7e02c-34e6-4e5f-9c15-8ad104bd9e75', '2026-02-04 21:17:22.768', 1, 16, '1941-05-12 01:15:00', NULL, 3, 1, 'a17909b0-1220-46bd-b483-1b1800211d3a', 27, 6, 1.00, 1.00, 1.00, 14.00, 84.00, NULL, 30.00, 38, 8, 6, 16, 11005004, '1941-05-12 01:00:00', 'STUNDE_VIERTEL', '442984fa-3b79-4b85-ab8d-ebf5e07c5a42');
INSERT INTO zeitintervall (id, created_time, version, busse, endeuhrzeit, fahrbeziehung_fahrbewegungkreisverkehr, fahrbeziehung_nach, fahrbeziehung_von, fahrbeziehung_id, fahrradfahrer, fussgaenger, hochrechnung_faktorgv, hochrechnung_faktorkfz, hochrechnung_faktorsv, hochrechnung_hochrechnunggv, hochrechnung_hochrechnungkfz, hochrechnungrad, hochrechnung_hochrechnungsv, kraftraeder, lastzuege, lkw, pkw, sortingindex, startuhrzeit, type, zaehlung_id) VALUES ('b593a959-25c4-4116-8515-39272580f305', '2026-02-05 14:24:48.206', 1, 4, '1941-05-12 00:15:00', NULL, 1, 2, 'a3f8423d-5cdf-48ce-999c-9576bb560d72', 6, 8, 1.00, 1.00, 1.00, 5.00, 15.00, NULL, 9.00, 5, 3, 2, 1, 11001000, '1941-05-12 00:00:00', 'STUNDE_VIERTEL', '339f992e-0925-4f6d-9e75-099bc520ad2c');
INSERT INTO zeitintervall (id, created_time, version, busse, endeuhrzeit, fahrbeziehung_fahrbewegungkreisverkehr, fahrbeziehung_nach, fahrbeziehung_von, fahrbeziehung_id, fahrradfahrer, fussgaenger, hochrechnung_faktorgv, hochrechnung_faktorkfz, hochrechnung_faktorsv, hochrechnung_hochrechnunggv, hochrechnung_hochrechnungkfz, hochrechnungrad, hochrechnung_hochrechnungsv, kraftraeder, lastzuege, lkw, pkw, sortingindex, startuhrzeit, type, zaehlung_id) VALUES ('cb251e55-bd12-4834-8635-f480ae287825', '2026-02-05 14:24:48.213', 1, 6, '1941-05-12 00:15:00', NULL, 3, 4, 'd93ce293-9004-4c46-8b4c-904865c05d61', 2, 1, 1.00, 1.00, 1.00, 75.00, 94.00, NULL, 81.00, 9, 42, 33, 4, 11001000, '1941-05-12 00:00:00', 'STUNDE_VIERTEL', '339f992e-0925-4f6d-9e75-099bc520ad2c');
INSERT INTO zeitintervall (id, created_time, version, busse, endeuhrzeit, fahrbeziehung_fahrbewegungkreisverkehr, fahrbeziehung_nach, fahrbeziehung_von, fahrbeziehung_id, fahrradfahrer, fussgaenger, hochrechnung_faktorgv, hochrechnung_faktorkfz, hochrechnung_faktorsv, hochrechnung_hochrechnunggv, hochrechnung_hochrechnungkfz, hochrechnungrad, hochrechnung_hochrechnungsv, kraftraeder, lastzuege, lkw, pkw, sortingindex, startuhrzeit, type, zaehlung_id) VALUES ('dc7b376d-cd42-46b0-b4ff-aefbdd8e8a7c', '2026-02-05 14:24:48.212', 1, 12, '1941-05-12 00:15:00', NULL, 2, 4, '0482144f-e22f-4ba0-8ea9-37b28922a2b0', 23, 2, 1.00, 1.00, 1.00, 7.00, 65.00, NULL, 19.00, 34, 4, 3, 12, 11001000, '1941-05-12 00:00:00', 'STUNDE_VIERTEL', '339f992e-0925-4f6d-9e75-099bc520ad2c');
INSERT INTO zeitintervall (id, created_time, version, busse, endeuhrzeit, fahrbeziehung_fahrbewegungkreisverkehr, fahrbeziehung_nach, fahrbeziehung_von, fahrbeziehung_id, fahrradfahrer, fussgaenger, hochrechnung_faktorgv, hochrechnung_faktorkfz, hochrechnung_faktorsv, hochrechnung_hochrechnunggv, hochrechnung_hochrechnungkfz, hochrechnungrad, hochrechnung_hochrechnungsv, kraftraeder, lastzuege, lkw, pkw, sortingindex, startuhrzeit, type, zaehlung_id) VALUES ('3aff9344-0a4e-4434-a9ef-427f2d90872e', '2026-02-05 14:24:48.206', 1, 6, '1941-05-12 00:15:00', NULL, 4, 1, 'a8d33317-6915-4f5e-8b2b-77aa0f2690df', 2, 1, 1.00, 1.00, 1.00, 75.00, 94.00, NULL, 81.00, 9, 42, 33, 4, 11001000, '1941-05-12 00:00:00', 'STUNDE_VIERTEL', '339f992e-0925-4f6d-9e75-099bc520ad2c');
INSERT INTO zeitintervall (id, created_time, version, busse, endeuhrzeit, fahrbeziehung_fahrbewegungkreisverkehr, fahrbeziehung_nach, fahrbeziehung_von, fahrbeziehung_id, fahrradfahrer, fussgaenger, hochrechnung_faktorgv, hochrechnung_faktorkfz, hochrechnung_faktorsv, hochrechnung_hochrechnunggv, hochrechnung_hochrechnungkfz, hochrechnungrad, hochrechnung_hochrechnungsv, kraftraeder, lastzuege, lkw, pkw, sortingindex, startuhrzeit, type, zaehlung_id) VALUES ('6c8bf669-51ab-444c-87f7-5b8038460409', '2026-02-05 14:24:48.194', 1, 4, '1941-05-12 00:15:00', NULL, 2, 1, 'd8d28889-fdb8-46d3-91b3-87816e31a3a3', 6, 8, 1.00, 1.00, 1.00, 5.00, 15.00, NULL, 9.00, 5, 3, 2, 1, 11001000, '1941-05-12 00:00:00', 'STUNDE_VIERTEL', '339f992e-0925-4f6d-9e75-099bc520ad2c');
INSERT INTO zeitintervall (id, created_time, version, busse, endeuhrzeit, fahrbeziehung_fahrbewegungkreisverkehr, fahrbeziehung_nach, fahrbeziehung_von, fahrbeziehung_id, fahrradfahrer, fussgaenger, hochrechnung_faktorgv, hochrechnung_faktorkfz, hochrechnung_faktorsv, hochrechnung_hochrechnunggv, hochrechnung_hochrechnungkfz, hochrechnungrad, hochrechnung_hochrechnungsv, kraftraeder, lastzuege, lkw, pkw, sortingindex, startuhrzeit, type, zaehlung_id) VALUES ('36e39700-57a3-4823-97af-66b67a716972', '2026-02-05 14:24:48.208', 1, 6, '1941-05-12 00:15:00', NULL, 4, 2, 'af5617f8-fbed-4a43-8b15-95aa056ea7f6', 2, 1, 1.00, 1.00, 1.00, 75.00, 94.00, NULL, 81.00, 9, 42, 33, 4, 11001000, '1941-05-12 00:00:00', 'STUNDE_VIERTEL', '339f992e-0925-4f6d-9e75-099bc520ad2c');
INSERT INTO zeitintervall (id, created_time, version, busse, endeuhrzeit, fahrbeziehung_fahrbewegungkreisverkehr, fahrbeziehung_nach, fahrbeziehung_von, fahrbeziehung_id, fahrradfahrer, fussgaenger, hochrechnung_faktorgv, hochrechnung_faktorkfz, hochrechnung_faktorsv, hochrechnung_hochrechnunggv, hochrechnung_hochrechnungkfz, hochrechnungrad, hochrechnung_hochrechnungsv, kraftraeder, lastzuege, lkw, pkw, sortingindex, startuhrzeit, type, zaehlung_id) VALUES ('e24c633c-ec17-4956-967a-cb84e4763191', '2026-02-05 14:24:48.209', 1, 4, '1941-05-12 00:15:00', NULL, 1, 3, '04ef4e64-f51c-4f76-9819-5d9b90831255', 6, 8, 1.00, 1.00, 1.00, 5.00, 15.00, NULL, 9.00, 5, 3, 2, 1, 11001000, '1941-05-12 00:00:00', 'STUNDE_VIERTEL', '339f992e-0925-4f6d-9e75-099bc520ad2c');
INSERT INTO zeitintervall (id, created_time, version, busse, endeuhrzeit, fahrbeziehung_fahrbewegungkreisverkehr, fahrbeziehung_nach, fahrbeziehung_von, fahrbeziehung_id, fahrradfahrer, fussgaenger, hochrechnung_faktorgv, hochrechnung_faktorkfz, hochrechnung_faktorsv, hochrechnung_hochrechnunggv, hochrechnung_hochrechnungkfz, hochrechnungrad, hochrechnung_hochrechnungsv, kraftraeder, lastzuege, lkw, pkw, sortingindex, startuhrzeit, type, zaehlung_id) VALUES ('69d706c2-21d1-479a-9566-5c1feb85a48b', '2026-02-05 14:24:48.21', 1, 12, '1941-05-12 00:15:00', NULL, 2, 3, 'f550b529-0405-451b-8241-26337ce6b24e', 23, 2, 1.00, 1.00, 1.00, 7.00, 65.00, NULL, 19.00, 34, 4, 3, 12, 11001000, '1941-05-12 00:00:00', 'STUNDE_VIERTEL', '339f992e-0925-4f6d-9e75-099bc520ad2c');
INSERT INTO zeitintervall (id, created_time, version, busse, endeuhrzeit, fahrbeziehung_fahrbewegungkreisverkehr, fahrbeziehung_nach, fahrbeziehung_von, fahrbeziehung_id, fahrradfahrer, fussgaenger, hochrechnung_faktorgv, hochrechnung_faktorkfz, hochrechnung_faktorsv, hochrechnung_hochrechnunggv, hochrechnung_hochrechnungkfz, hochrechnungrad, hochrechnung_hochrechnungsv, kraftraeder, lastzuege, lkw, pkw, sortingindex, startuhrzeit, type, zaehlung_id) VALUES ('96160850-373e-4331-a3dd-e8414d376cf5', '2026-02-05 14:24:48.205', 1, 12, '1941-05-12 00:15:00', NULL, 3, 1, 'e2f416a3-bced-438a-bcc1-a836c85815d1', 23, 2, 1.00, 1.00, 1.00, 7.00, 65.00, NULL, 19.00, 34, 4, 3, 12, 11001000, '1941-05-12 00:00:00', 'STUNDE_VIERTEL', '339f992e-0925-4f6d-9e75-099bc520ad2c');
INSERT INTO zeitintervall (id, created_time, version, busse, endeuhrzeit, fahrbeziehung_fahrbewegungkreisverkehr, fahrbeziehung_nach, fahrbeziehung_von, fahrbeziehung_id, fahrradfahrer, fussgaenger, hochrechnung_faktorgv, hochrechnung_faktorkfz, hochrechnung_faktorsv, hochrechnung_hochrechnunggv, hochrechnung_hochrechnungkfz, hochrechnungrad, hochrechnung_hochrechnungsv, kraftraeder, lastzuege, lkw, pkw, sortingindex, startuhrzeit, type, zaehlung_id) VALUES ('28fc1e12-7fe6-4ed7-b247-86aecc23611e', '2026-02-05 14:24:48.211', 1, 6, '1941-05-12 00:15:00', NULL, 4, 3, '4e590818-6c4a-4301-8d8a-05029c5ed0ce', 2, 1, 1.00, 1.00, 1.00, 75.00, 94.00, NULL, 81.00, 9, 42, 33, 4, 11001000, '1941-05-12 00:00:00', 'STUNDE_VIERTEL', '339f992e-0925-4f6d-9e75-099bc520ad2c');
INSERT INTO zeitintervall (id, created_time, version, busse, endeuhrzeit, fahrbeziehung_fahrbewegungkreisverkehr, fahrbeziehung_nach, fahrbeziehung_von, fahrbeziehung_id, fahrradfahrer, fussgaenger, hochrechnung_faktorgv, hochrechnung_faktorkfz, hochrechnung_faktorsv, hochrechnung_hochrechnunggv, hochrechnung_hochrechnungkfz, hochrechnungrad, hochrechnung_hochrechnungsv, kraftraeder, lastzuege, lkw, pkw, sortingindex, startuhrzeit, type, zaehlung_id) VALUES ('c8489cf7-c9d4-4995-9c03-4c39539d2e2d', '2026-02-05 14:24:48.208', 1, 12, '1941-05-12 00:15:00', NULL, 3, 2, 'a072cc32-b43c-4b0d-a2d4-0250f3c2e267', 23, 2, 1.00, 1.00, 1.00, 7.00, 65.00, NULL, 19.00, 34, 4, 3, 12, 11001000, '1941-05-12 00:00:00', 'STUNDE_VIERTEL', '339f992e-0925-4f6d-9e75-099bc520ad2c');
INSERT INTO zeitintervall (id, created_time, version, busse, endeuhrzeit, fahrbeziehung_fahrbewegungkreisverkehr, fahrbeziehung_nach, fahrbeziehung_von, fahrbeziehung_id, fahrradfahrer, fussgaenger, hochrechnung_faktorgv, hochrechnung_faktorkfz, hochrechnung_faktorsv, hochrechnung_hochrechnunggv, hochrechnung_hochrechnungkfz, hochrechnungrad, hochrechnung_hochrechnungsv, kraftraeder, lastzuege, lkw, pkw, sortingindex, startuhrzeit, type, zaehlung_id) VALUES ('519e146e-608b-4604-a6a1-0ec38ac9fbe9', '2026-02-05 14:24:48.212', 1, 4, '1941-05-12 00:15:00', NULL, 1, 4, 'ffc06014-19f5-4884-822e-13fe8cb35eed', 6, 8, 1.00, 1.00, 1.00, 5.00, 15.00, NULL, 9.00, 5, 3, 2, 1, 11001000, '1941-05-12 00:00:00', 'STUNDE_VIERTEL', '339f992e-0925-4f6d-9e75-099bc520ad2c');
INSERT INTO zeitintervall (id, created_time, version, busse, endeuhrzeit, fahrbeziehung_fahrbewegungkreisverkehr, fahrbeziehung_nach, fahrbeziehung_von, fahrbeziehung_id, fahrradfahrer, fussgaenger, hochrechnung_faktorgv, hochrechnung_faktorkfz, hochrechnung_faktorsv, hochrechnung_hochrechnunggv, hochrechnung_hochrechnungkfz, hochrechnungrad, hochrechnung_hochrechnungsv, kraftraeder, lastzuege, lkw, pkw, sortingindex, startuhrzeit, type, zaehlung_id) VALUES ('9a825ca2-ffe3-4f38-bafe-1fef24c07904', '2026-02-05 14:24:48.21', 1, 13, '1941-05-12 00:30:00', NULL, 2, 3, 'f550b529-0405-451b-8241-26337ce6b24e', 24, 3, 1.00, 1.00, 1.00, 8.00, 69.00, NULL, 21.00, 35, 5, 3, 13, 11002001, '1941-05-12 00:15:00', 'STUNDE_VIERTEL', '339f992e-0925-4f6d-9e75-099bc520ad2c');
INSERT INTO zeitintervall (id, created_time, version, busse, endeuhrzeit, fahrbeziehung_fahrbewegungkreisverkehr, fahrbeziehung_nach, fahrbeziehung_von, fahrbeziehung_id, fahrradfahrer, fussgaenger, hochrechnung_faktorgv, hochrechnung_faktorkfz, hochrechnung_faktorsv, hochrechnung_hochrechnunggv, hochrechnung_hochrechnungkfz, hochrechnungrad, hochrechnung_hochrechnungsv, kraftraeder, lastzuege, lkw, pkw, sortingindex, startuhrzeit, type, zaehlung_id) VALUES ('336fad96-6eb2-481d-b734-e457d9a08fc2', '2026-02-05 14:24:48.21', 1, 5, '1941-05-12 00:30:00', NULL, 1, 3, '04ef4e64-f51c-4f76-9819-5d9b90831255', 7, 9, 1.00, 1.00, 1.00, 16.00, 29.00, NULL, 21.00, 6, 4, 12, 2, 11002001, '1941-05-12 00:15:00', 'STUNDE_VIERTEL', '339f992e-0925-4f6d-9e75-099bc520ad2c');
INSERT INTO zeitintervall (id, created_time, version, busse, endeuhrzeit, fahrbeziehung_fahrbewegungkreisverkehr, fahrbeziehung_nach, fahrbeziehung_von, fahrbeziehung_id, fahrradfahrer, fussgaenger, hochrechnung_faktorgv, hochrechnung_faktorkfz, hochrechnung_faktorsv, hochrechnung_hochrechnunggv, hochrechnung_hochrechnungkfz, hochrechnungrad, hochrechnung_hochrechnungsv, kraftraeder, lastzuege, lkw, pkw, sortingindex, startuhrzeit, type, zaehlung_id) VALUES ('cf569337-c649-449f-9694-a4b452d7076c', '2026-02-05 14:24:48.213', 1, 7, '1941-05-12 00:30:00', NULL, 3, 4, 'd93ce293-9004-4c46-8b4c-904865c05d61', 3, 2, 1.00, 1.00, 1.00, 47.00, 69.00, NULL, 54.00, 10, 43, 4, 5, 11002001, '1941-05-12 00:15:00', 'STUNDE_VIERTEL', '339f992e-0925-4f6d-9e75-099bc520ad2c');
INSERT INTO zeitintervall (id, created_time, version, busse, endeuhrzeit, fahrbeziehung_fahrbewegungkreisverkehr, fahrbeziehung_nach, fahrbeziehung_von, fahrbeziehung_id, fahrradfahrer, fussgaenger, hochrechnung_faktorgv, hochrechnung_faktorkfz, hochrechnung_faktorsv, hochrechnung_hochrechnunggv, hochrechnung_hochrechnungkfz, hochrechnungrad, hochrechnung_hochrechnungsv, kraftraeder, lastzuege, lkw, pkw, sortingindex, startuhrzeit, type, zaehlung_id) VALUES ('5bf58793-6783-43d1-99ea-11ff8462d5fe', '2026-02-05 14:24:48.205', 1, 13, '1941-05-12 00:30:00', NULL, 3, 1, 'e2f416a3-bced-438a-bcc1-a836c85815d1', 24, 3, 1.00, 1.00, 1.00, 8.00, 69.00, NULL, 21.00, 35, 5, 3, 13, 11002001, '1941-05-12 00:15:00', 'STUNDE_VIERTEL', '339f992e-0925-4f6d-9e75-099bc520ad2c');
INSERT INTO zeitintervall (id, created_time, version, busse, endeuhrzeit, fahrbeziehung_fahrbewegungkreisverkehr, fahrbeziehung_nach, fahrbeziehung_von, fahrbeziehung_id, fahrradfahrer, fussgaenger, hochrechnung_faktorgv, hochrechnung_faktorkfz, hochrechnung_faktorsv, hochrechnung_hochrechnunggv, hochrechnung_hochrechnungkfz, hochrechnungrad, hochrechnung_hochrechnungsv, kraftraeder, lastzuege, lkw, pkw, sortingindex, startuhrzeit, type, zaehlung_id) VALUES ('40349be0-6e51-4728-9c30-edc9853129dc', '2026-02-05 14:24:48.206', 1, 7, '1941-05-12 00:30:00', NULL, 4, 1, 'a8d33317-6915-4f5e-8b2b-77aa0f2690df', 3, 2, 1.00, 1.00, 1.00, 47.00, 69.00, NULL, 54.00, 10, 43, 4, 5, 11002001, '1941-05-12 00:15:00', 'STUNDE_VIERTEL', '339f992e-0925-4f6d-9e75-099bc520ad2c');
INSERT INTO zeitintervall (id, created_time, version, busse, endeuhrzeit, fahrbeziehung_fahrbewegungkreisverkehr, fahrbeziehung_nach, fahrbeziehung_von, fahrbeziehung_id, fahrradfahrer, fussgaenger, hochrechnung_faktorgv, hochrechnung_faktorkfz, hochrechnung_faktorsv, hochrechnung_hochrechnunggv, hochrechnung_hochrechnungkfz, hochrechnungrad, hochrechnung_hochrechnungsv, kraftraeder, lastzuege, lkw, pkw, sortingindex, startuhrzeit, type, zaehlung_id) VALUES ('c111b0b3-2e1e-460c-80c1-2efa6eec3fd6', '2026-02-05 14:24:48.213', 1, 13, '1941-05-12 00:30:00', NULL, 2, 4, '0482144f-e22f-4ba0-8ea9-37b28922a2b0', 24, 3, 1.00, 1.00, 1.00, 8.00, 69.00, NULL, 21.00, 35, 5, 3, 13, 11002001, '1941-05-12 00:15:00', 'STUNDE_VIERTEL', '339f992e-0925-4f6d-9e75-099bc520ad2c');
INSERT INTO zeitintervall (id, created_time, version, busse, endeuhrzeit, fahrbeziehung_fahrbewegungkreisverkehr, fahrbeziehung_nach, fahrbeziehung_von, fahrbeziehung_id, fahrradfahrer, fussgaenger, hochrechnung_faktorgv, hochrechnung_faktorkfz, hochrechnung_faktorsv, hochrechnung_hochrechnunggv, hochrechnung_hochrechnungkfz, hochrechnungrad, hochrechnung_hochrechnungsv, kraftraeder, lastzuege, lkw, pkw, sortingindex, startuhrzeit, type, zaehlung_id) VALUES ('f0f5fb18-272c-4e4b-9117-562dfb3b0bf5', '2026-02-05 14:24:48.207', 1, 5, '1941-05-12 00:30:00', NULL, 1, 2, 'a3f8423d-5cdf-48ce-999c-9576bb560d72', 7, 9, 1.00, 1.00, 1.00, 16.00, 29.00, NULL, 21.00, 6, 4, 12, 2, 11002001, '1941-05-12 00:15:00', 'STUNDE_VIERTEL', '339f992e-0925-4f6d-9e75-099bc520ad2c');
INSERT INTO zeitintervall (id, created_time, version, busse, endeuhrzeit, fahrbeziehung_fahrbewegungkreisverkehr, fahrbeziehung_nach, fahrbeziehung_von, fahrbeziehung_id, fahrradfahrer, fussgaenger, hochrechnung_faktorgv, hochrechnung_faktorkfz, hochrechnung_faktorsv, hochrechnung_hochrechnunggv, hochrechnung_hochrechnungkfz, hochrechnungrad, hochrechnung_hochrechnungsv, kraftraeder, lastzuege, lkw, pkw, sortingindex, startuhrzeit, type, zaehlung_id) VALUES ('bde6e56f-3227-4093-ab78-192d359511dd', '2026-02-05 14:24:48.204', 1, 5, '1941-05-12 00:30:00', NULL, 2, 1, 'd8d28889-fdb8-46d3-91b3-87816e31a3a3', 7, 9, 1.00, 1.00, 1.00, 16.00, 29.00, NULL, 21.00, 6, 4, 12, 2, 11002001, '1941-05-12 00:15:00', 'STUNDE_VIERTEL', '339f992e-0925-4f6d-9e75-099bc520ad2c');
INSERT INTO zeitintervall (id, created_time, version, busse, endeuhrzeit, fahrbeziehung_fahrbewegungkreisverkehr, fahrbeziehung_nach, fahrbeziehung_von, fahrbeziehung_id, fahrradfahrer, fussgaenger, hochrechnung_faktorgv, hochrechnung_faktorkfz, hochrechnung_faktorsv, hochrechnung_hochrechnunggv, hochrechnung_hochrechnungkfz, hochrechnungrad, hochrechnung_hochrechnungsv, kraftraeder, lastzuege, lkw, pkw, sortingindex, startuhrzeit, type, zaehlung_id) VALUES ('312ec7df-ff75-4bb7-8df3-5317514468bc', '2026-02-05 14:24:48.212', 1, 5, '1941-05-12 00:30:00', NULL, 1, 4, 'ffc06014-19f5-4884-822e-13fe8cb35eed', 7, 9, 1.00, 1.00, 1.00, 16.00, 29.00, NULL, 21.00, 6, 4, 12, 2, 11002001, '1941-05-12 00:15:00', 'STUNDE_VIERTEL', '339f992e-0925-4f6d-9e75-099bc520ad2c');
INSERT INTO zeitintervall (id, created_time, version, busse, endeuhrzeit, fahrbeziehung_fahrbewegungkreisverkehr, fahrbeziehung_nach, fahrbeziehung_von, fahrbeziehung_id, fahrradfahrer, fussgaenger, hochrechnung_faktorgv, hochrechnung_faktorkfz, hochrechnung_faktorsv, hochrechnung_hochrechnunggv, hochrechnung_hochrechnungkfz, hochrechnungrad, hochrechnung_hochrechnungsv, kraftraeder, lastzuege, lkw, pkw, sortingindex, startuhrzeit, type, zaehlung_id) VALUES ('aa86d4ec-9253-48c1-81c7-753c599a4111', '2026-02-05 14:24:48.208', 1, 13, '1941-05-12 00:30:00', NULL, 3, 2, 'a072cc32-b43c-4b0d-a2d4-0250f3c2e267', 24, 3, 1.00, 1.00, 1.00, 8.00, 69.00, NULL, 21.00, 35, 5, 3, 13, 11002001, '1941-05-12 00:15:00', 'STUNDE_VIERTEL', '339f992e-0925-4f6d-9e75-099bc520ad2c');
INSERT INTO zeitintervall (id, created_time, version, busse, endeuhrzeit, fahrbeziehung_fahrbewegungkreisverkehr, fahrbeziehung_nach, fahrbeziehung_von, fahrbeziehung_id, fahrradfahrer, fussgaenger, hochrechnung_faktorgv, hochrechnung_faktorkfz, hochrechnung_faktorsv, hochrechnung_hochrechnunggv, hochrechnung_hochrechnungkfz, hochrechnungrad, hochrechnung_hochrechnungsv, kraftraeder, lastzuege, lkw, pkw, sortingindex, startuhrzeit, type, zaehlung_id) VALUES ('bfb06dfd-2e48-4923-b143-069598a75449', '2026-02-05 14:24:48.211', 1, 7, '1941-05-12 00:30:00', NULL, 4, 3, '4e590818-6c4a-4301-8d8a-05029c5ed0ce', 3, 2, 1.00, 1.00, 1.00, 47.00, 69.00, NULL, 54.00, 10, 43, 4, 5, 11002001, '1941-05-12 00:15:00', 'STUNDE_VIERTEL', '339f992e-0925-4f6d-9e75-099bc520ad2c');
INSERT INTO zeitintervall (id, created_time, version, busse, endeuhrzeit, fahrbeziehung_fahrbewegungkreisverkehr, fahrbeziehung_nach, fahrbeziehung_von, fahrbeziehung_id, fahrradfahrer, fussgaenger, hochrechnung_faktorgv, hochrechnung_faktorkfz, hochrechnung_faktorsv, hochrechnung_hochrechnunggv, hochrechnung_hochrechnungkfz, hochrechnungrad, hochrechnung_hochrechnungsv, kraftraeder, lastzuege, lkw, pkw, sortingindex, startuhrzeit, type, zaehlung_id) VALUES ('b76b9360-ddbc-4cf9-8ee2-2744bd5a8e00', '2026-02-05 14:24:48.208', 1, 7, '1941-05-12 00:30:00', NULL, 4, 2, 'af5617f8-fbed-4a43-8b15-95aa056ea7f6', 3, 2, 1.00, 1.00, 1.00, 47.00, 69.00, NULL, 54.00, 10, 43, 4, 5, 11002001, '1941-05-12 00:15:00', 'STUNDE_VIERTEL', '339f992e-0925-4f6d-9e75-099bc520ad2c');
INSERT INTO zeitintervall (id, created_time, version, busse, endeuhrzeit, fahrbeziehung_fahrbewegungkreisverkehr, fahrbeziehung_nach, fahrbeziehung_von, fahrbeziehung_id, fahrradfahrer, fussgaenger, hochrechnung_faktorgv, hochrechnung_faktorkfz, hochrechnung_faktorsv, hochrechnung_hochrechnunggv, hochrechnung_hochrechnungkfz, hochrechnungrad, hochrechnung_hochrechnungsv, kraftraeder, lastzuege, lkw, pkw, sortingindex, startuhrzeit, type, zaehlung_id) VALUES ('f0c27e2f-1bb8-41f4-9c83-b4213c938238', '2026-02-05 14:24:48.213', 1, 8, '1941-05-12 00:45:00', NULL, 3, 4, 'd93ce293-9004-4c46-8b4c-904865c05d61', 4, 3, 1.00, 1.00, 1.00, 48.00, 73.00, NULL, 56.00, 11, 44, 4, 6, 11003002, '1941-05-12 00:30:00', 'STUNDE_VIERTEL', '339f992e-0925-4f6d-9e75-099bc520ad2c');
INSERT INTO zeitintervall (id, created_time, version, busse, endeuhrzeit, fahrbeziehung_fahrbewegungkreisverkehr, fahrbeziehung_nach, fahrbeziehung_von, fahrbeziehung_id, fahrradfahrer, fussgaenger, hochrechnung_faktorgv, hochrechnung_faktorkfz, hochrechnung_faktorsv, hochrechnung_hochrechnunggv, hochrechnung_hochrechnungkfz, hochrechnungrad, hochrechnung_hochrechnungsv, kraftraeder, lastzuege, lkw, pkw, sortingindex, startuhrzeit, type, zaehlung_id) VALUES ('ac04a3fc-c95b-4778-9001-7d79529a1572', '2026-02-05 14:24:48.208', 1, 8, '1941-05-12 00:45:00', NULL, 4, 2, 'af5617f8-fbed-4a43-8b15-95aa056ea7f6', 4, 3, 1.00, 1.00, 1.00, 48.00, 73.00, NULL, 56.00, 11, 44, 4, 6, 11003002, '1941-05-12 00:30:00', 'STUNDE_VIERTEL', '339f992e-0925-4f6d-9e75-099bc520ad2c');
INSERT INTO zeitintervall (id, created_time, version, busse, endeuhrzeit, fahrbeziehung_fahrbewegungkreisverkehr, fahrbeziehung_nach, fahrbeziehung_von, fahrbeziehung_id, fahrradfahrer, fussgaenger, hochrechnung_faktorgv, hochrechnung_faktorkfz, hochrechnung_faktorsv, hochrechnung_hochrechnunggv, hochrechnung_hochrechnungkfz, hochrechnungrad, hochrechnung_hochrechnungsv, kraftraeder, lastzuege, lkw, pkw, sortingindex, startuhrzeit, type, zaehlung_id) VALUES ('c32632ce-9ec9-491f-8ed7-265329ef0445', '2026-02-05 14:24:48.211', 1, 8, '1941-05-12 00:45:00', NULL, 4, 3, '4e590818-6c4a-4301-8d8a-05029c5ed0ce', 4, 3, 1.00, 1.00, 1.00, 48.00, 73.00, NULL, 56.00, 11, 44, 4, 6, 11003002, '1941-05-12 00:30:00', 'STUNDE_VIERTEL', '339f992e-0925-4f6d-9e75-099bc520ad2c');
INSERT INTO zeitintervall (id, created_time, version, busse, endeuhrzeit, fahrbeziehung_fahrbewegungkreisverkehr, fahrbeziehung_nach, fahrbeziehung_von, fahrbeziehung_id, fahrradfahrer, fussgaenger, hochrechnung_faktorgv, hochrechnung_faktorkfz, hochrechnung_faktorsv, hochrechnung_hochrechnunggv, hochrechnung_hochrechnungkfz, hochrechnungrad, hochrechnung_hochrechnungsv, kraftraeder, lastzuege, lkw, pkw, sortingindex, startuhrzeit, type, zaehlung_id) VALUES ('ca5d356a-133d-4e3a-a2af-7a9b3e83914d', '2026-02-05 14:24:48.21', 1, 6, '1941-05-12 00:45:00', NULL, 1, 3, '04ef4e64-f51c-4f76-9819-5d9b90831255', 8, 10, 1.00, 1.00, 1.00, 39.00, 55.00, NULL, 45.00, 7, 5, 34, 3, 11003002, '1941-05-12 00:30:00', 'STUNDE_VIERTEL', '339f992e-0925-4f6d-9e75-099bc520ad2c');
INSERT INTO zeitintervall (id, created_time, version, busse, endeuhrzeit, fahrbeziehung_fahrbewegungkreisverkehr, fahrbeziehung_nach, fahrbeziehung_von, fahrbeziehung_id, fahrradfahrer, fussgaenger, hochrechnung_faktorgv, hochrechnung_faktorkfz, hochrechnung_faktorsv, hochrechnung_hochrechnunggv, hochrechnung_hochrechnungkfz, hochrechnungrad, hochrechnung_hochrechnungsv, kraftraeder, lastzuege, lkw, pkw, sortingindex, startuhrzeit, type, zaehlung_id) VALUES ('24344b1a-ff50-4093-b926-1591ba2cb7ce', '2026-02-05 14:24:48.213', 1, 14, '1941-05-12 00:45:00', NULL, 2, 4, '0482144f-e22f-4ba0-8ea9-37b28922a2b0', 25, 4, 1.00, 1.00, 1.00, 19.00, 83.00, NULL, 33.00, 36, 6, 13, 14, 11003002, '1941-05-12 00:30:00', 'STUNDE_VIERTEL', '339f992e-0925-4f6d-9e75-099bc520ad2c');
INSERT INTO zeitintervall (id, created_time, version, busse, endeuhrzeit, fahrbeziehung_fahrbewegungkreisverkehr, fahrbeziehung_nach, fahrbeziehung_von, fahrbeziehung_id, fahrradfahrer, fussgaenger, hochrechnung_faktorgv, hochrechnung_faktorkfz, hochrechnung_faktorsv, hochrechnung_hochrechnunggv, hochrechnung_hochrechnungkfz, hochrechnungrad, hochrechnung_hochrechnungsv, kraftraeder, lastzuege, lkw, pkw, sortingindex, startuhrzeit, type, zaehlung_id) VALUES ('b1cdd176-edc1-4519-ad11-8488ee0e4bce', '2026-02-05 14:24:48.21', 1, 14, '1941-05-12 00:45:00', NULL, 2, 3, 'f550b529-0405-451b-8241-26337ce6b24e', 25, 4, 1.00, 1.00, 1.00, 19.00, 83.00, NULL, 33.00, 36, 6, 13, 14, 11003002, '1941-05-12 00:30:00', 'STUNDE_VIERTEL', '339f992e-0925-4f6d-9e75-099bc520ad2c');
INSERT INTO zeitintervall (id, created_time, version, busse, endeuhrzeit, fahrbeziehung_fahrbewegungkreisverkehr, fahrbeziehung_nach, fahrbeziehung_von, fahrbeziehung_id, fahrradfahrer, fussgaenger, hochrechnung_faktorgv, hochrechnung_faktorkfz, hochrechnung_faktorsv, hochrechnung_hochrechnunggv, hochrechnung_hochrechnungkfz, hochrechnungrad, hochrechnung_hochrechnungsv, kraftraeder, lastzuege, lkw, pkw, sortingindex, startuhrzeit, type, zaehlung_id) VALUES ('ef741c3f-0a61-4719-a183-352d91988f0f', '2026-02-05 14:24:48.206', 1, 8, '1941-05-12 00:45:00', NULL, 4, 1, 'a8d33317-6915-4f5e-8b2b-77aa0f2690df', 4, 3, 1.00, 1.00, 1.00, 48.00, 73.00, NULL, 56.00, 11, 44, 4, 6, 11003002, '1941-05-12 00:30:00', 'STUNDE_VIERTEL', '339f992e-0925-4f6d-9e75-099bc520ad2c');
INSERT INTO zeitintervall (id, created_time, version, busse, endeuhrzeit, fahrbeziehung_fahrbewegungkreisverkehr, fahrbeziehung_nach, fahrbeziehung_von, fahrbeziehung_id, fahrradfahrer, fussgaenger, hochrechnung_faktorgv, hochrechnung_faktorkfz, hochrechnung_faktorsv, hochrechnung_hochrechnunggv, hochrechnung_hochrechnungkfz, hochrechnungrad, hochrechnung_hochrechnungsv, kraftraeder, lastzuege, lkw, pkw, sortingindex, startuhrzeit, type, zaehlung_id) VALUES ('623e759c-55e1-4e82-b0dc-dd20bc3e4a46', '2026-02-05 14:24:48.205', 1, 14, '1941-05-12 00:45:00', NULL, 3, 1, 'e2f416a3-bced-438a-bcc1-a836c85815d1', 25, 4, 1.00, 1.00, 1.00, 19.00, 83.00, NULL, 33.00, 36, 6, 13, 14, 11003002, '1941-05-12 00:30:00', 'STUNDE_VIERTEL', '339f992e-0925-4f6d-9e75-099bc520ad2c');
INSERT INTO zeitintervall (id, created_time, version, busse, endeuhrzeit, fahrbeziehung_fahrbewegungkreisverkehr, fahrbeziehung_nach, fahrbeziehung_von, fahrbeziehung_id, fahrradfahrer, fussgaenger, hochrechnung_faktorgv, hochrechnung_faktorkfz, hochrechnung_faktorsv, hochrechnung_hochrechnunggv, hochrechnung_hochrechnungkfz, hochrechnungrad, hochrechnung_hochrechnungsv, kraftraeder, lastzuege, lkw, pkw, sortingindex, startuhrzeit, type, zaehlung_id) VALUES ('16f3be33-ec6e-4155-8173-965ff64ae34b', '2026-02-05 14:24:48.207', 1, 6, '1941-05-12 00:45:00', NULL, 1, 2, 'a3f8423d-5cdf-48ce-999c-9576bb560d72', 8, 10, 1.00, 1.00, 1.00, 39.00, 55.00, NULL, 45.00, 7, 5, 34, 3, 11003002, '1941-05-12 00:30:00', 'STUNDE_VIERTEL', '339f992e-0925-4f6d-9e75-099bc520ad2c');
INSERT INTO zeitintervall (id, created_time, version, busse, endeuhrzeit, fahrbeziehung_fahrbewegungkreisverkehr, fahrbeziehung_nach, fahrbeziehung_von, fahrbeziehung_id, fahrradfahrer, fussgaenger, hochrechnung_faktorgv, hochrechnung_faktorkfz, hochrechnung_faktorsv, hochrechnung_hochrechnunggv, hochrechnung_hochrechnungkfz, hochrechnungrad, hochrechnung_hochrechnungsv, kraftraeder, lastzuege, lkw, pkw, sortingindex, startuhrzeit, type, zaehlung_id) VALUES ('b9efd13c-f94a-46ac-9157-4a2d82ea8caa', '2026-02-05 14:24:48.208', 1, 14, '1941-05-12 00:45:00', NULL, 3, 2, 'a072cc32-b43c-4b0d-a2d4-0250f3c2e267', 25, 4, 1.00, 1.00, 1.00, 19.00, 83.00, NULL, 33.00, 36, 6, 13, 14, 11003002, '1941-05-12 00:30:00', 'STUNDE_VIERTEL', '339f992e-0925-4f6d-9e75-099bc520ad2c');
INSERT INTO zeitintervall (id, created_time, version, busse, endeuhrzeit, fahrbeziehung_fahrbewegungkreisverkehr, fahrbeziehung_nach, fahrbeziehung_von, fahrbeziehung_id, fahrradfahrer, fussgaenger, hochrechnung_faktorgv, hochrechnung_faktorkfz, hochrechnung_faktorsv, hochrechnung_hochrechnunggv, hochrechnung_hochrechnungkfz, hochrechnungrad, hochrechnung_hochrechnungsv, kraftraeder, lastzuege, lkw, pkw, sortingindex, startuhrzeit, type, zaehlung_id) VALUES ('4b82f475-c93f-4bd0-8e29-7ea9d0debb42', '2026-02-05 14:24:48.212', 1, 6, '1941-05-12 00:45:00', NULL, 1, 4, 'ffc06014-19f5-4884-822e-13fe8cb35eed', 8, 10, 1.00, 1.00, 1.00, 39.00, 55.00, NULL, 45.00, 7, 5, 34, 3, 11003002, '1941-05-12 00:30:00', 'STUNDE_VIERTEL', '339f992e-0925-4f6d-9e75-099bc520ad2c');
INSERT INTO zeitintervall (id, created_time, version, busse, endeuhrzeit, fahrbeziehung_fahrbewegungkreisverkehr, fahrbeziehung_nach, fahrbeziehung_von, fahrbeziehung_id, fahrradfahrer, fussgaenger, hochrechnung_faktorgv, hochrechnung_faktorkfz, hochrechnung_faktorsv, hochrechnung_hochrechnunggv, hochrechnung_hochrechnungkfz, hochrechnungrad, hochrechnung_hochrechnungsv, kraftraeder, lastzuege, lkw, pkw, sortingindex, startuhrzeit, type, zaehlung_id) VALUES ('1e412d15-77ee-4bba-8575-d5c961dbfc5d', '2026-02-05 14:24:48.204', 1, 6, '1941-05-12 00:45:00', NULL, 2, 1, 'd8d28889-fdb8-46d3-91b3-87816e31a3a3', 8, 10, 1.00, 1.00, 1.00, 39.00, 55.00, NULL, 45.00, 7, 5, 34, 3, 11003002, '1941-05-12 00:30:00', 'STUNDE_VIERTEL', '339f992e-0925-4f6d-9e75-099bc520ad2c');
INSERT INTO zeitintervall (id, created_time, version, busse, endeuhrzeit, fahrbeziehung_fahrbewegungkreisverkehr, fahrbeziehung_nach, fahrbeziehung_von, fahrbeziehung_id, fahrradfahrer, fussgaenger, hochrechnung_faktorgv, hochrechnung_faktorkfz, hochrechnung_faktorsv, hochrechnung_hochrechnunggv, hochrechnung_hochrechnungkfz, hochrechnungrad, hochrechnung_hochrechnungsv, kraftraeder, lastzuege, lkw, pkw, sortingindex, startuhrzeit, type, zaehlung_id) VALUES ('46bdbe56-0887-44d3-ab0d-0de4b7cc04b3', '2026-02-05 14:24:48.212', 1, 7, '1941-05-12 01:00:00', NULL, 1, 4, 'ffc06014-19f5-4884-822e-13fe8cb35eed', 9, 11, 1.00, 1.00, 1.00, 11.00, 30.00, NULL, 18.00, 8, 6, 5, 4, 11004003, '1941-05-12 00:45:00', 'STUNDE_VIERTEL', '339f992e-0925-4f6d-9e75-099bc520ad2c');
INSERT INTO zeitintervall (id, created_time, version, busse, endeuhrzeit, fahrbeziehung_fahrbewegungkreisverkehr, fahrbeziehung_nach, fahrbeziehung_von, fahrbeziehung_id, fahrradfahrer, fussgaenger, hochrechnung_faktorgv, hochrechnung_faktorkfz, hochrechnung_faktorsv, hochrechnung_hochrechnunggv, hochrechnung_hochrechnungkfz, hochrechnungrad, hochrechnung_hochrechnungsv, kraftraeder, lastzuege, lkw, pkw, sortingindex, startuhrzeit, type, zaehlung_id) VALUES ('cc44b410-5f2c-4cf0-9872-7fc39cd6300d', '2026-02-05 14:24:48.207', 1, 7, '1941-05-12 01:00:00', NULL, 1, 2, 'a3f8423d-5cdf-48ce-999c-9576bb560d72', 9, 11, 1.00, 1.00, 1.00, 11.00, 30.00, NULL, 18.00, 8, 6, 5, 4, 11004003, '1941-05-12 00:45:00', 'STUNDE_VIERTEL', '339f992e-0925-4f6d-9e75-099bc520ad2c');
INSERT INTO zeitintervall (id, created_time, version, busse, endeuhrzeit, fahrbeziehung_fahrbewegungkreisverkehr, fahrbeziehung_nach, fahrbeziehung_von, fahrbeziehung_id, fahrradfahrer, fussgaenger, hochrechnung_faktorgv, hochrechnung_faktorkfz, hochrechnung_faktorsv, hochrechnung_hochrechnunggv, hochrechnung_hochrechnungkfz, hochrechnungrad, hochrechnung_hochrechnungsv, kraftraeder, lastzuege, lkw, pkw, sortingindex, startuhrzeit, type, zaehlung_id) VALUES ('319c788a-d748-402f-a924-4c4424741c59', '2026-02-05 14:24:48.209', 1, 9, '1941-05-12 01:00:00', NULL, 4, 2, 'af5617f8-fbed-4a43-8b15-95aa056ea7f6', 5, 4, 1.00, 1.00, 1.00, 59.00, 87.00, NULL, 68.00, 12, 45, 14, 7, 11004003, '1941-05-12 00:45:00', 'STUNDE_VIERTEL', '339f992e-0925-4f6d-9e75-099bc520ad2c');
INSERT INTO zeitintervall (id, created_time, version, busse, endeuhrzeit, fahrbeziehung_fahrbewegungkreisverkehr, fahrbeziehung_nach, fahrbeziehung_von, fahrbeziehung_id, fahrradfahrer, fussgaenger, hochrechnung_faktorgv, hochrechnung_faktorkfz, hochrechnung_faktorsv, hochrechnung_hochrechnunggv, hochrechnung_hochrechnungkfz, hochrechnungrad, hochrechnung_hochrechnungsv, kraftraeder, lastzuege, lkw, pkw, sortingindex, startuhrzeit, type, zaehlung_id) VALUES ('4fd37858-d669-4ede-9329-15e59a50782c', '2026-02-05 14:24:48.205', 1, 15, '1941-05-12 01:00:00', NULL, 3, 1, 'e2f416a3-bced-438a-bcc1-a836c85815d1', 26, 5, 1.00, 1.00, 1.00, 42.00, 109.00, NULL, 57.00, 37, 7, 35, 15, 11004003, '1941-05-12 00:45:00', 'STUNDE_VIERTEL', '339f992e-0925-4f6d-9e75-099bc520ad2c');
INSERT INTO zeitintervall (id, created_time, version, busse, endeuhrzeit, fahrbeziehung_fahrbewegungkreisverkehr, fahrbeziehung_nach, fahrbeziehung_von, fahrbeziehung_id, fahrradfahrer, fussgaenger, hochrechnung_faktorgv, hochrechnung_faktorkfz, hochrechnung_faktorsv, hochrechnung_hochrechnunggv, hochrechnung_hochrechnungkfz, hochrechnungrad, hochrechnung_hochrechnungsv, kraftraeder, lastzuege, lkw, pkw, sortingindex, startuhrzeit, type, zaehlung_id) VALUES ('0ce2f637-ef73-4600-ba66-854b9e4f8178', '2026-02-05 14:24:48.21', 1, 7, '1941-05-12 01:00:00', NULL, 1, 3, '04ef4e64-f51c-4f76-9819-5d9b90831255', 9, 11, 1.00, 1.00, 1.00, 11.00, 30.00, NULL, 18.00, 8, 6, 5, 4, 11004003, '1941-05-12 00:45:00', 'STUNDE_VIERTEL', '339f992e-0925-4f6d-9e75-099bc520ad2c');
INSERT INTO zeitintervall (id, created_time, version, busse, endeuhrzeit, fahrbeziehung_fahrbewegungkreisverkehr, fahrbeziehung_nach, fahrbeziehung_von, fahrbeziehung_id, fahrradfahrer, fussgaenger, hochrechnung_faktorgv, hochrechnung_faktorkfz, hochrechnung_faktorsv, hochrechnung_hochrechnunggv, hochrechnung_hochrechnungkfz, hochrechnungrad, hochrechnung_hochrechnungsv, kraftraeder, lastzuege, lkw, pkw, sortingindex, startuhrzeit, type, zaehlung_id) VALUES ('2b6e60ee-2dc3-4a44-85da-3c2f01ae5bf1', '2026-02-05 14:24:48.208', 1, 15, '1941-05-12 01:00:00', NULL, 3, 2, 'a072cc32-b43c-4b0d-a2d4-0250f3c2e267', 26, 5, 1.00, 1.00, 1.00, 42.00, 109.00, NULL, 57.00, 37, 7, 35, 15, 11004003, '1941-05-12 00:45:00', 'STUNDE_VIERTEL', '339f992e-0925-4f6d-9e75-099bc520ad2c');
INSERT INTO zeitintervall (id, created_time, version, busse, endeuhrzeit, fahrbeziehung_fahrbewegungkreisverkehr, fahrbeziehung_nach, fahrbeziehung_von, fahrbeziehung_id, fahrradfahrer, fussgaenger, hochrechnung_faktorgv, hochrechnung_faktorkfz, hochrechnung_faktorsv, hochrechnung_hochrechnunggv, hochrechnung_hochrechnungkfz, hochrechnungrad, hochrechnung_hochrechnungsv, kraftraeder, lastzuege, lkw, pkw, sortingindex, startuhrzeit, type, zaehlung_id) VALUES ('079784ec-5304-4dfd-b5c3-832442fab4b3', '2026-02-05 14:24:48.213', 1, 9, '1941-05-12 01:00:00', NULL, 3, 4, 'd93ce293-9004-4c46-8b4c-904865c05d61', 5, 4, 1.00, 1.00, 1.00, 59.00, 87.00, NULL, 68.00, 12, 45, 14, 7, 11004003, '1941-05-12 00:45:00', 'STUNDE_VIERTEL', '339f992e-0925-4f6d-9e75-099bc520ad2c');
INSERT INTO zeitintervall (id, created_time, version, busse, endeuhrzeit, fahrbeziehung_fahrbewegungkreisverkehr, fahrbeziehung_nach, fahrbeziehung_von, fahrbeziehung_id, fahrradfahrer, fussgaenger, hochrechnung_faktorgv, hochrechnung_faktorkfz, hochrechnung_faktorsv, hochrechnung_hochrechnunggv, hochrechnung_hochrechnungkfz, hochrechnungrad, hochrechnung_hochrechnungsv, kraftraeder, lastzuege, lkw, pkw, sortingindex, startuhrzeit, type, zaehlung_id) VALUES ('a24f5a59-91f0-4b86-92a2-d75db08ee0e2', '2026-02-05 14:24:48.211', 1, 9, '1941-05-12 01:00:00', NULL, 4, 3, '4e590818-6c4a-4301-8d8a-05029c5ed0ce', 5, 4, 1.00, 1.00, 1.00, 59.00, 87.00, NULL, 68.00, 12, 45, 14, 7, 11004003, '1941-05-12 00:45:00', 'STUNDE_VIERTEL', '339f992e-0925-4f6d-9e75-099bc520ad2c');
INSERT INTO zeitintervall (id, created_time, version, busse, endeuhrzeit, fahrbeziehung_fahrbewegungkreisverkehr, fahrbeziehung_nach, fahrbeziehung_von, fahrbeziehung_id, fahrradfahrer, fussgaenger, hochrechnung_faktorgv, hochrechnung_faktorkfz, hochrechnung_faktorsv, hochrechnung_hochrechnunggv, hochrechnung_hochrechnungkfz, hochrechnungrad, hochrechnung_hochrechnungsv, kraftraeder, lastzuege, lkw, pkw, sortingindex, startuhrzeit, type, zaehlung_id) VALUES ('6b96a949-1346-4f57-b8a9-77609645a750', '2026-02-04 21:17:22.768', 1, 10, '1941-05-12 01:15:00', NULL, 4, 1, '04776c43-9a41-4cc9-b990-29dcc37091c9', 6, 5, 1.00, 1.00, 1.00, 82.00, 113.00, NULL, 92.00, 13, 46, 36, 8, 11005004, '1941-05-12 01:00:00', 'STUNDE_VIERTEL', '442984fa-3b79-4b85-ab8d-ebf5e07c5a42');
INSERT INTO zeitintervall (id, created_time, version, busse, endeuhrzeit, fahrbeziehung_fahrbewegungkreisverkehr, fahrbeziehung_nach, fahrbeziehung_von, fahrbeziehung_id, fahrradfahrer, fussgaenger, hochrechnung_faktorgv, hochrechnung_faktorkfz, hochrechnung_faktorsv, hochrechnung_hochrechnunggv, hochrechnung_hochrechnungkfz, hochrechnungrad, hochrechnung_hochrechnungsv, kraftraeder, lastzuege, lkw, pkw, sortingindex, startuhrzeit, type, zaehlung_id) VALUES ('d57fe1ef-3a3e-49a1-bfa2-16838a7358dd', '2026-02-04 21:17:22.769', 1, 8, '1941-05-12 01:15:00', NULL, 1, 2, '9f059eaa-6263-469c-a492-c903d05e4f95', 10, 12, 1.00, 1.00, 1.00, 12.00, 34.00, NULL, 20.00, 9, 7, 5, 5, 11005004, '1941-05-12 01:00:00', 'STUNDE_VIERTEL', '442984fa-3b79-4b85-ab8d-ebf5e07c5a42');
INSERT INTO zeitintervall (id, created_time, version, busse, endeuhrzeit, fahrbeziehung_fahrbewegungkreisverkehr, fahrbeziehung_nach, fahrbeziehung_von, fahrbeziehung_id, fahrradfahrer, fussgaenger, hochrechnung_faktorgv, hochrechnung_faktorkfz, hochrechnung_faktorsv, hochrechnung_hochrechnunggv, hochrechnung_hochrechnungkfz, hochrechnungrad, hochrechnung_hochrechnungsv, kraftraeder, lastzuege, lkw, pkw, sortingindex, startuhrzeit, type, zaehlung_id) VALUES ('e37c8d76-3622-4cba-9810-8021a4ce1980', '2026-02-04 21:17:22.769', 1, 16, '1941-05-12 01:15:00', NULL, 3, 2, '4b9300c8-8e9f-4c2a-8509-8505dca9b516', 27, 6, 1.00, 1.00, 1.00, 14.00, 84.00, NULL, 30.00, 38, 8, 6, 16, 11005004, '1941-05-12 01:00:00', 'STUNDE_VIERTEL', '442984fa-3b79-4b85-ab8d-ebf5e07c5a42');
INSERT INTO zeitintervall (id, created_time, version, busse, endeuhrzeit, fahrbeziehung_fahrbewegungkreisverkehr, fahrbeziehung_nach, fahrbeziehung_von, fahrbeziehung_id, fahrradfahrer, fussgaenger, hochrechnung_faktorgv, hochrechnung_faktorkfz, hochrechnung_faktorsv, hochrechnung_hochrechnunggv, hochrechnung_hochrechnungkfz, hochrechnungrad, hochrechnung_hochrechnungsv, kraftraeder, lastzuege, lkw, pkw, sortingindex, startuhrzeit, type, zaehlung_id) VALUES ('66fef392-25c7-4b78-bbdf-03098837839a', '2026-02-04 21:17:22.77', 1, 10, '1941-05-12 01:15:00', NULL, 4, 2, '5a545c5c-dea5-40f1-8eeb-001cd0ee2aab', 6, 5, 1.00, 1.00, 1.00, 82.00, 113.00, NULL, 92.00, 13, 46, 36, 8, 11005004, '1941-05-12 01:00:00', 'STUNDE_VIERTEL', '442984fa-3b79-4b85-ab8d-ebf5e07c5a42');
INSERT INTO zeitintervall (id, created_time, version, busse, endeuhrzeit, fahrbeziehung_fahrbewegungkreisverkehr, fahrbeziehung_nach, fahrbeziehung_von, fahrbeziehung_id, fahrradfahrer, fussgaenger, hochrechnung_faktorgv, hochrechnung_faktorkfz, hochrechnung_faktorsv, hochrechnung_hochrechnunggv, hochrechnung_hochrechnungkfz, hochrechnungrad, hochrechnung_hochrechnungsv, kraftraeder, lastzuege, lkw, pkw, sortingindex, startuhrzeit, type, zaehlung_id) VALUES ('096740ab-ea93-4ec3-87de-3b0db945b613', '2026-02-04 21:17:22.77', 1, 8, '1941-05-12 01:15:00', NULL, 1, 3, '44d0f93f-9f10-436a-b4e6-78bf4a0ab2e8', 10, 12, 1.00, 1.00, 1.00, 12.00, 34.00, NULL, 20.00, 9, 7, 5, 5, 11005004, '1941-05-12 01:00:00', 'STUNDE_VIERTEL', '442984fa-3b79-4b85-ab8d-ebf5e07c5a42');
INSERT INTO zeitintervall (id, created_time, version, busse, endeuhrzeit, fahrbeziehung_fahrbewegungkreisverkehr, fahrbeziehung_nach, fahrbeziehung_von, fahrbeziehung_id, fahrradfahrer, fussgaenger, hochrechnung_faktorgv, hochrechnung_faktorkfz, hochrechnung_faktorsv, hochrechnung_hochrechnunggv, hochrechnung_hochrechnungkfz, hochrechnungrad, hochrechnung_hochrechnungsv, kraftraeder, lastzuege, lkw, pkw, sortingindex, startuhrzeit, type, zaehlung_id) VALUES ('2e10baa8-9f0e-456b-90b5-813f102a87eb', '2026-02-04 21:17:22.771', 1, 10, '1941-05-12 01:15:00', NULL, 4, 3, '430dfa9b-9cee-427b-b009-4f8db2cc9b1d', 6, 5, 1.00, 1.00, 1.00, 82.00, 113.00, NULL, 92.00, 13, 46, 36, 8, 11005004, '1941-05-12 01:00:00', 'STUNDE_VIERTEL', '442984fa-3b79-4b85-ab8d-ebf5e07c5a42');
INSERT INTO zeitintervall (id, created_time, version, busse, endeuhrzeit, fahrbeziehung_fahrbewegungkreisverkehr, fahrbeziehung_nach, fahrbeziehung_von, fahrbeziehung_id, fahrradfahrer, fussgaenger, hochrechnung_faktorgv, hochrechnung_faktorkfz, hochrechnung_faktorsv, hochrechnung_hochrechnunggv, hochrechnung_hochrechnungkfz, hochrechnungrad, hochrechnung_hochrechnungsv, kraftraeder, lastzuege, lkw, pkw, sortingindex, startuhrzeit, type, zaehlung_id) VALUES ('a80d74b8-b41b-4990-aef0-a886a32679cf', '2026-02-04 21:17:22.771', 1, 8, '1941-05-12 01:15:00', NULL, 1, 4, '3bc9fd94-0c8a-47ed-b23e-7bfa6e7fb8f3', 10, 12, 1.00, 1.00, 1.00, 12.00, 34.00, NULL, 20.00, 9, 7, 5, 5, 11005004, '1941-05-12 01:00:00', 'STUNDE_VIERTEL', '442984fa-3b79-4b85-ab8d-ebf5e07c5a42');
INSERT INTO zeitintervall (id, created_time, version, busse, endeuhrzeit, fahrbeziehung_fahrbewegungkreisverkehr, fahrbeziehung_nach, fahrbeziehung_von, fahrbeziehung_id, fahrradfahrer, fussgaenger, hochrechnung_faktorgv, hochrechnung_faktorkfz, hochrechnung_faktorsv, hochrechnung_hochrechnunggv, hochrechnung_hochrechnungkfz, hochrechnungrad, hochrechnung_hochrechnungsv, kraftraeder, lastzuege, lkw, pkw, sortingindex, startuhrzeit, type, zaehlung_id) VALUES ('62c3f983-0be9-4410-ac82-cf6766c88d14', '2026-02-04 21:17:22.772', 1, 16, '1941-05-12 01:15:00', NULL, 2, 4, '6596ef92-fbf3-492d-af4b-3fd059ad2268', 27, 6, 1.00, 1.00, 1.00, 14.00, 84.00, NULL, 30.00, 38, 8, 6, 16, 11005004, '1941-05-12 01:00:00', 'STUNDE_VIERTEL', '442984fa-3b79-4b85-ab8d-ebf5e07c5a42');
INSERT INTO zeitintervall (id, created_time, version, busse, endeuhrzeit, fahrbeziehung_fahrbewegungkreisverkehr, fahrbeziehung_nach, fahrbeziehung_von, fahrbeziehung_id, fahrradfahrer, fussgaenger, hochrechnung_faktorgv, hochrechnung_faktorkfz, hochrechnung_faktorsv, hochrechnung_hochrechnunggv, hochrechnung_hochrechnungkfz, hochrechnungrad, hochrechnung_hochrechnungsv, kraftraeder, lastzuege, lkw, pkw, sortingindex, startuhrzeit, type, zaehlung_id) VALUES ('4647a927-6f4f-4aa7-b0d0-7271b7f5c477', '2026-02-04 21:17:22.773', 1, 10, '1941-05-12 01:15:00', NULL, 3, 4, '335b9ece-e657-4442-ada7-e217e23013a6', 6, 5, 1.00, 1.00, 1.00, 82.00, 113.00, NULL, 92.00, 13, 46, 36, 8, 11005004, '1941-05-12 01:00:00', 'STUNDE_VIERTEL', '442984fa-3b79-4b85-ab8d-ebf5e07c5a42');
INSERT INTO zeitintervall (id, created_time, version, busse, endeuhrzeit, fahrbeziehung_fahrbewegungkreisverkehr, fahrbeziehung_nach, fahrbeziehung_von, fahrbeziehung_id, fahrradfahrer, fussgaenger, hochrechnung_faktorgv, hochrechnung_faktorkfz, hochrechnung_faktorsv, hochrechnung_hochrechnunggv, hochrechnung_hochrechnungkfz, hochrechnungrad, hochrechnung_hochrechnungsv, kraftraeder, lastzuege, lkw, pkw, sortingindex, startuhrzeit, type, zaehlung_id) VALUES ('40659a27-11ae-4c84-bcad-86c73ae9d3e1', '2026-02-04 21:17:22.768', 1, 11, '1941-05-12 01:30:00', NULL, 4, 1, '04776c43-9a41-4cc9-b990-29dcc37091c9', 7, 6, 1.00, 1.00, 1.00, 54.00, 88.00, NULL, 65.00, 14, 47, 7, 9, 11006005, '1941-05-12 01:15:00', 'STUNDE_VIERTEL', '442984fa-3b79-4b85-ab8d-ebf5e07c5a42');
INSERT INTO zeitintervall (id, created_time, version, busse, endeuhrzeit, fahrbeziehung_fahrbewegungkreisverkehr, fahrbeziehung_nach, fahrbeziehung_von, fahrbeziehung_id, fahrradfahrer, fussgaenger, hochrechnung_faktorgv, hochrechnung_faktorkfz, hochrechnung_faktorsv, hochrechnung_hochrechnunggv, hochrechnung_hochrechnungkfz, hochrechnungrad, hochrechnung_hochrechnungsv, kraftraeder, lastzuege, lkw, pkw, sortingindex, startuhrzeit, type, zaehlung_id) VALUES ('a1b557ab-75c3-4450-85f6-0ea75104b69a', '2026-02-04 21:17:22.77', 1, 11, '1941-05-12 01:30:00', NULL, 4, 2, '5a545c5c-dea5-40f1-8eeb-001cd0ee2aab', 7, 6, 1.00, 1.00, 1.00, 54.00, 88.00, NULL, 65.00, 14, 47, 7, 9, 11006005, '1941-05-12 01:15:00', 'STUNDE_VIERTEL', '442984fa-3b79-4b85-ab8d-ebf5e07c5a42');
INSERT INTO zeitintervall (id, created_time, version, busse, endeuhrzeit, fahrbeziehung_fahrbewegungkreisverkehr, fahrbeziehung_nach, fahrbeziehung_von, fahrbeziehung_id, fahrradfahrer, fussgaenger, hochrechnung_faktorgv, hochrechnung_faktorkfz, hochrechnung_faktorsv, hochrechnung_hochrechnunggv, hochrechnung_hochrechnungkfz, hochrechnungrad, hochrechnung_hochrechnungsv, kraftraeder, lastzuege, lkw, pkw, sortingindex, startuhrzeit, type, zaehlung_id) VALUES ('0cfd09b0-96fe-4289-b025-641c88c48a53', '2026-02-04 21:17:22.769', 1, 9, '1941-05-12 01:30:00', NULL, 1, 2, '9f059eaa-6263-469c-a492-c903d05e4f95', 11, 13, 1.00, 1.00, 1.00, 23.00, 48.00, NULL, 32.00, 10, 8, 15, 6, 11006005, '1941-05-12 01:15:00', 'STUNDE_VIERTEL', '442984fa-3b79-4b85-ab8d-ebf5e07c5a42');
INSERT INTO zeitintervall (id, created_time, version, busse, endeuhrzeit, fahrbeziehung_fahrbewegungkreisverkehr, fahrbeziehung_nach, fahrbeziehung_von, fahrbeziehung_id, fahrradfahrer, fussgaenger, hochrechnung_faktorgv, hochrechnung_faktorkfz, hochrechnung_faktorsv, hochrechnung_hochrechnunggv, hochrechnung_hochrechnungkfz, hochrechnungrad, hochrechnung_hochrechnungsv, kraftraeder, lastzuege, lkw, pkw, sortingindex, startuhrzeit, type, zaehlung_id) VALUES ('9b7e45d7-0a1f-4004-8c9f-8d4e50489cf2', '2026-02-04 21:17:22.772', 1, 9, '1941-05-12 01:30:00', NULL, 1, 4, '3bc9fd94-0c8a-47ed-b23e-7bfa6e7fb8f3', 11, 13, 1.00, 1.00, 1.00, 23.00, 48.00, NULL, 32.00, 10, 8, 15, 6, 11006005, '1941-05-12 01:15:00', 'STUNDE_VIERTEL', '442984fa-3b79-4b85-ab8d-ebf5e07c5a42');
INSERT INTO zeitintervall (id, created_time, version, busse, endeuhrzeit, fahrbeziehung_fahrbewegungkreisverkehr, fahrbeziehung_nach, fahrbeziehung_von, fahrbeziehung_id, fahrradfahrer, fussgaenger, hochrechnung_faktorgv, hochrechnung_faktorkfz, hochrechnung_faktorsv, hochrechnung_hochrechnunggv, hochrechnung_hochrechnungkfz, hochrechnungrad, hochrechnung_hochrechnungsv, kraftraeder, lastzuege, lkw, pkw, sortingindex, startuhrzeit, type, zaehlung_id) VALUES ('31d65faf-a885-4f73-a38e-334de45fbb1a', '2026-02-04 21:17:22.773', 1, 11, '1941-05-12 01:30:00', NULL, 3, 4, '335b9ece-e657-4442-ada7-e217e23013a6', 7, 6, 1.00, 1.00, 1.00, 54.00, 88.00, NULL, 65.00, 14, 47, 7, 9, 11006005, '1941-05-12 01:15:00', 'STUNDE_VIERTEL', '442984fa-3b79-4b85-ab8d-ebf5e07c5a42');
INSERT INTO zeitintervall (id, created_time, version, busse, endeuhrzeit, fahrbeziehung_fahrbewegungkreisverkehr, fahrbeziehung_nach, fahrbeziehung_von, fahrbeziehung_id, fahrradfahrer, fussgaenger, hochrechnung_faktorgv, hochrechnung_faktorkfz, hochrechnung_faktorsv, hochrechnung_hochrechnunggv, hochrechnung_hochrechnungkfz, hochrechnungrad, hochrechnung_hochrechnungsv, kraftraeder, lastzuege, lkw, pkw, sortingindex, startuhrzeit, type, zaehlung_id) VALUES ('682b8980-c638-4caf-b1a6-9d1434386fbc', '2026-02-04 21:17:22.767', 1, 9, '1941-05-12 01:30:00', NULL, 2, 1, '4393fb61-6828-4043-a098-fb01e22d0083', 11, 13, 1.00, 1.00, 1.00, 23.00, 48.00, NULL, 32.00, 10, 8, 15, 6, 11006005, '1941-05-12 01:15:00', 'STUNDE_VIERTEL', '442984fa-3b79-4b85-ab8d-ebf5e07c5a42');
INSERT INTO zeitintervall (id, created_time, version, busse, endeuhrzeit, fahrbeziehung_fahrbewegungkreisverkehr, fahrbeziehung_nach, fahrbeziehung_von, fahrbeziehung_id, fahrradfahrer, fussgaenger, hochrechnung_faktorgv, hochrechnung_faktorkfz, hochrechnung_faktorsv, hochrechnung_hochrechnunggv, hochrechnung_hochrechnungkfz, hochrechnungrad, hochrechnung_hochrechnungsv, kraftraeder, lastzuege, lkw, pkw, sortingindex, startuhrzeit, type, zaehlung_id) VALUES ('2e82ae8d-2f5a-46cb-a120-4c515194c867', '2026-02-04 21:17:22.771', 1, 17, '1941-05-12 01:30:00', NULL, 2, 3, '437becb1-c441-4b60-9569-75d9148abd6f', 28, 7, 1.00, 1.00, 1.00, 15.00, 88.00, NULL, 32.00, 39, 9, 6, 17, 11006005, '1941-05-12 01:15:00', 'STUNDE_VIERTEL', '442984fa-3b79-4b85-ab8d-ebf5e07c5a42');
INSERT INTO zeitintervall (id, created_time, version, busse, endeuhrzeit, fahrbeziehung_fahrbewegungkreisverkehr, fahrbeziehung_nach, fahrbeziehung_von, fahrbeziehung_id, fahrradfahrer, fussgaenger, hochrechnung_faktorgv, hochrechnung_faktorkfz, hochrechnung_faktorsv, hochrechnung_hochrechnunggv, hochrechnung_hochrechnungkfz, hochrechnungrad, hochrechnung_hochrechnungsv, kraftraeder, lastzuege, lkw, pkw, sortingindex, startuhrzeit, type, zaehlung_id) VALUES ('81cb719a-c363-4436-ba7e-ba6242ee5d11', '2026-02-04 21:17:22.769', 1, 17, '1941-05-12 01:30:00', NULL, 3, 2, '4b9300c8-8e9f-4c2a-8509-8505dca9b516', 28, 7, 1.00, 1.00, 1.00, 15.00, 88.00, NULL, 32.00, 39, 9, 6, 17, 11006005, '1941-05-12 01:15:00', 'STUNDE_VIERTEL', '442984fa-3b79-4b85-ab8d-ebf5e07c5a42');
INSERT INTO zeitintervall (id, created_time, version, busse, endeuhrzeit, fahrbeziehung_fahrbewegungkreisverkehr, fahrbeziehung_nach, fahrbeziehung_von, fahrbeziehung_id, fahrradfahrer, fussgaenger, hochrechnung_faktorgv, hochrechnung_faktorkfz, hochrechnung_faktorsv, hochrechnung_hochrechnunggv, hochrechnung_hochrechnungkfz, hochrechnungrad, hochrechnung_hochrechnungsv, kraftraeder, lastzuege, lkw, pkw, sortingindex, startuhrzeit, type, zaehlung_id) VALUES ('c51fe5c7-70b8-4ecd-bee6-55ee7e491119', '2026-02-04 21:17:22.768', 1, 17, '1941-05-12 01:30:00', NULL, 3, 1, 'a17909b0-1220-46bd-b483-1b1800211d3a', 28, 7, 1.00, 1.00, 1.00, 15.00, 88.00, NULL, 32.00, 39, 9, 6, 17, 11006005, '1941-05-12 01:15:00', 'STUNDE_VIERTEL', '442984fa-3b79-4b85-ab8d-ebf5e07c5a42');
INSERT INTO zeitintervall (id, created_time, version, busse, endeuhrzeit, fahrbeziehung_fahrbewegungkreisverkehr, fahrbeziehung_nach, fahrbeziehung_von, fahrbeziehung_id, fahrradfahrer, fussgaenger, hochrechnung_faktorgv, hochrechnung_faktorkfz, hochrechnung_faktorsv, hochrechnung_hochrechnunggv, hochrechnung_hochrechnungkfz, hochrechnungrad, hochrechnung_hochrechnungsv, kraftraeder, lastzuege, lkw, pkw, sortingindex, startuhrzeit, type, zaehlung_id) VALUES ('e1d29814-22df-49be-a452-101481de5528', '2026-02-04 21:17:22.771', 1, 11, '1941-05-12 01:30:00', NULL, 4, 3, '430dfa9b-9cee-427b-b009-4f8db2cc9b1d', 7, 6, 1.00, 1.00, 1.00, 54.00, 88.00, NULL, 65.00, 14, 47, 7, 9, 11006005, '1941-05-12 01:15:00', 'STUNDE_VIERTEL', '442984fa-3b79-4b85-ab8d-ebf5e07c5a42');
INSERT INTO zeitintervall (id, created_time, version, busse, endeuhrzeit, fahrbeziehung_fahrbewegungkreisverkehr, fahrbeziehung_nach, fahrbeziehung_von, fahrbeziehung_id, fahrradfahrer, fussgaenger, hochrechnung_faktorgv, hochrechnung_faktorkfz, hochrechnung_faktorsv, hochrechnung_hochrechnunggv, hochrechnung_hochrechnungkfz, hochrechnungrad, hochrechnung_hochrechnungsv, kraftraeder, lastzuege, lkw, pkw, sortingindex, startuhrzeit, type, zaehlung_id) VALUES ('35422ed2-5612-4f7a-91a3-db57a332f5ba', '2026-02-04 21:17:22.77', 1, 9, '1941-05-12 01:30:00', NULL, 1, 3, '44d0f93f-9f10-436a-b4e6-78bf4a0ab2e8', 11, 13, 1.00, 1.00, 1.00, 23.00, 48.00, NULL, 32.00, 10, 8, 15, 6, 11006005, '1941-05-12 01:15:00', 'STUNDE_VIERTEL', '442984fa-3b79-4b85-ab8d-ebf5e07c5a42');
INSERT INTO zeitintervall (id, created_time, version, busse, endeuhrzeit, fahrbeziehung_fahrbewegungkreisverkehr, fahrbeziehung_nach, fahrbeziehung_von, fahrbeziehung_id, fahrradfahrer, fussgaenger, hochrechnung_faktorgv, hochrechnung_faktorkfz, hochrechnung_faktorsv, hochrechnung_hochrechnunggv, hochrechnung_hochrechnungkfz, hochrechnungrad, hochrechnung_hochrechnungsv, kraftraeder, lastzuege, lkw, pkw, sortingindex, startuhrzeit, type, zaehlung_id) VALUES ('bca708fe-e5ed-4273-8f82-f7513091bd16', '2026-02-04 21:17:22.772', 1, 17, '1941-05-12 01:30:00', NULL, 2, 4, '6596ef92-fbf3-492d-af4b-3fd059ad2268', 28, 7, 1.00, 1.00, 1.00, 15.00, 88.00, NULL, 32.00, 39, 9, 6, 17, 11006005, '1941-05-12 01:15:00', 'STUNDE_VIERTEL', '442984fa-3b79-4b85-ab8d-ebf5e07c5a42');
INSERT INTO zeitintervall (id, created_time, version, busse, endeuhrzeit, fahrbeziehung_fahrbewegungkreisverkehr, fahrbeziehung_nach, fahrbeziehung_von, fahrbeziehung_id, fahrradfahrer, fussgaenger, hochrechnung_faktorgv, hochrechnung_faktorkfz, hochrechnung_faktorsv, hochrechnung_hochrechnunggv, hochrechnung_hochrechnungkfz, hochrechnungrad, hochrechnung_hochrechnungsv, kraftraeder, lastzuege, lkw, pkw, sortingindex, startuhrzeit, type, zaehlung_id) VALUES ('9f84e7bb-97a8-4dd8-9007-7e0800e0fbb0', '2026-02-04 21:17:22.77', 1, 12, '1941-05-12 01:45:00', NULL, 4, 2, '5a545c5c-dea5-40f1-8eeb-001cd0ee2aab', 8, 7, 1.00, 1.00, 1.00, 55.00, 92.00, NULL, 67.00, 15, 48, 7, 10, 11007006, '1941-05-12 01:30:00', 'STUNDE_VIERTEL', '442984fa-3b79-4b85-ab8d-ebf5e07c5a42');
INSERT INTO zeitintervall (id, created_time, version, busse, endeuhrzeit, fahrbeziehung_fahrbewegungkreisverkehr, fahrbeziehung_nach, fahrbeziehung_von, fahrbeziehung_id, fahrradfahrer, fussgaenger, hochrechnung_faktorgv, hochrechnung_faktorkfz, hochrechnung_faktorsv, hochrechnung_hochrechnunggv, hochrechnung_hochrechnungkfz, hochrechnungrad, hochrechnung_hochrechnungsv, kraftraeder, lastzuege, lkw, pkw, sortingindex, startuhrzeit, type, zaehlung_id) VALUES ('eec0b02f-c477-4c3a-9e99-acba6add4c10', '2026-02-04 21:17:22.771', 1, 18, '1941-05-12 01:45:00', NULL, 2, 3, '437becb1-c441-4b60-9569-75d9148abd6f', 29, 8, 1.00, 1.00, 1.00, 26.00, 102.00, NULL, 44.00, 40, 10, 16, 18, 11007006, '1941-05-12 01:30:00', 'STUNDE_VIERTEL', '442984fa-3b79-4b85-ab8d-ebf5e07c5a42');
INSERT INTO zeitintervall (id, created_time, version, busse, endeuhrzeit, fahrbeziehung_fahrbewegungkreisverkehr, fahrbeziehung_nach, fahrbeziehung_von, fahrbeziehung_id, fahrradfahrer, fussgaenger, hochrechnung_faktorgv, hochrechnung_faktorkfz, hochrechnung_faktorsv, hochrechnung_hochrechnunggv, hochrechnung_hochrechnungkfz, hochrechnungrad, hochrechnung_hochrechnungsv, kraftraeder, lastzuege, lkw, pkw, sortingindex, startuhrzeit, type, zaehlung_id) VALUES ('af2c947b-4c3f-4091-a16e-265f7e16a488', '2026-02-04 21:17:22.769', 1, 18, '1941-05-12 01:45:00', NULL, 3, 2, '4b9300c8-8e9f-4c2a-8509-8505dca9b516', 29, 8, 1.00, 1.00, 1.00, 26.00, 102.00, NULL, 44.00, 40, 10, 16, 18, 11007006, '1941-05-12 01:30:00', 'STUNDE_VIERTEL', '442984fa-3b79-4b85-ab8d-ebf5e07c5a42');
INSERT INTO zeitintervall (id, created_time, version, busse, endeuhrzeit, fahrbeziehung_fahrbewegungkreisverkehr, fahrbeziehung_nach, fahrbeziehung_von, fahrbeziehung_id, fahrradfahrer, fussgaenger, hochrechnung_faktorgv, hochrechnung_faktorkfz, hochrechnung_faktorsv, hochrechnung_hochrechnunggv, hochrechnung_hochrechnungkfz, hochrechnungrad, hochrechnung_hochrechnungsv, kraftraeder, lastzuege, lkw, pkw, sortingindex, startuhrzeit, type, zaehlung_id) VALUES ('09b50539-b75e-42d6-a5c5-5c583f5a6f30', '2026-02-04 21:17:22.771', 1, 12, '1941-05-12 01:45:00', NULL, 4, 3, '430dfa9b-9cee-427b-b009-4f8db2cc9b1d', 8, 7, 1.00, 1.00, 1.00, 55.00, 92.00, NULL, 67.00, 15, 48, 7, 10, 11007006, '1941-05-12 01:30:00', 'STUNDE_VIERTEL', '442984fa-3b79-4b85-ab8d-ebf5e07c5a42');
INSERT INTO zeitintervall (id, created_time, version, busse, endeuhrzeit, fahrbeziehung_fahrbewegungkreisverkehr, fahrbeziehung_nach, fahrbeziehung_von, fahrbeziehung_id, fahrradfahrer, fussgaenger, hochrechnung_faktorgv, hochrechnung_faktorkfz, hochrechnung_faktorsv, hochrechnung_hochrechnunggv, hochrechnung_hochrechnungkfz, hochrechnungrad, hochrechnung_hochrechnungsv, kraftraeder, lastzuege, lkw, pkw, sortingindex, startuhrzeit, type, zaehlung_id) VALUES ('828cc7c0-3047-4b60-9854-054541716733', '2026-02-04 21:17:22.769', 1, 10, '1941-05-12 01:45:00', NULL, 1, 2, '9f059eaa-6263-469c-a492-c903d05e4f95', 12, 14, 1.00, 1.00, 1.00, 46.00, 74.00, NULL, 56.00, 11, 9, 37, 7, 11007006, '1941-05-12 01:30:00', 'STUNDE_VIERTEL', '442984fa-3b79-4b85-ab8d-ebf5e07c5a42');
INSERT INTO zeitintervall (id, created_time, version, busse, endeuhrzeit, fahrbeziehung_fahrbewegungkreisverkehr, fahrbeziehung_nach, fahrbeziehung_von, fahrbeziehung_id, fahrradfahrer, fussgaenger, hochrechnung_faktorgv, hochrechnung_faktorkfz, hochrechnung_faktorsv, hochrechnung_hochrechnunggv, hochrechnung_hochrechnungkfz, hochrechnungrad, hochrechnung_hochrechnungsv, kraftraeder, lastzuege, lkw, pkw, sortingindex, startuhrzeit, type, zaehlung_id) VALUES ('94d215c9-2048-46dc-a0e0-7e9b36a7e154', '2026-02-04 21:17:22.772', 1, 10, '1941-05-12 01:45:00', NULL, 1, 4, '3bc9fd94-0c8a-47ed-b23e-7bfa6e7fb8f3', 12, 14, 1.00, 1.00, 1.00, 46.00, 74.00, NULL, 56.00, 11, 9, 37, 7, 11007006, '1941-05-12 01:30:00', 'STUNDE_VIERTEL', '442984fa-3b79-4b85-ab8d-ebf5e07c5a42');
INSERT INTO zeitintervall (id, created_time, version, busse, endeuhrzeit, fahrbeziehung_fahrbewegungkreisverkehr, fahrbeziehung_nach, fahrbeziehung_von, fahrbeziehung_id, fahrradfahrer, fussgaenger, hochrechnung_faktorgv, hochrechnung_faktorkfz, hochrechnung_faktorsv, hochrechnung_hochrechnunggv, hochrechnung_hochrechnungkfz, hochrechnungrad, hochrechnung_hochrechnungsv, kraftraeder, lastzuege, lkw, pkw, sortingindex, startuhrzeit, type, zaehlung_id) VALUES ('c3ac0555-3fad-4c1b-926b-bd13b9b95fb0', '2026-02-04 21:17:22.768', 1, 12, '1941-05-12 01:45:00', NULL, 4, 1, '04776c43-9a41-4cc9-b990-29dcc37091c9', 8, 7, 1.00, 1.00, 1.00, 55.00, 92.00, NULL, 67.00, 15, 48, 7, 10, 11007006, '1941-05-12 01:30:00', 'STUNDE_VIERTEL', '442984fa-3b79-4b85-ab8d-ebf5e07c5a42');
INSERT INTO zeitintervall (id, created_time, version, busse, endeuhrzeit, fahrbeziehung_fahrbewegungkreisverkehr, fahrbeziehung_nach, fahrbeziehung_von, fahrbeziehung_id, fahrradfahrer, fussgaenger, hochrechnung_faktorgv, hochrechnung_faktorkfz, hochrechnung_faktorsv, hochrechnung_hochrechnunggv, hochrechnung_hochrechnungkfz, hochrechnungrad, hochrechnung_hochrechnungsv, kraftraeder, lastzuege, lkw, pkw, sortingindex, startuhrzeit, type, zaehlung_id) VALUES ('ae8340e7-dc4d-4536-acdb-d08833322349', '2026-02-04 21:17:22.768', 1, 18, '1941-05-12 01:45:00', NULL, 3, 1, 'a17909b0-1220-46bd-b483-1b1800211d3a', 29, 8, 1.00, 1.00, 1.00, 26.00, 102.00, NULL, 44.00, 40, 10, 16, 18, 11007006, '1941-05-12 01:30:00', 'STUNDE_VIERTEL', '442984fa-3b79-4b85-ab8d-ebf5e07c5a42');
INSERT INTO zeitintervall (id, created_time, version, busse, endeuhrzeit, fahrbeziehung_fahrbewegungkreisverkehr, fahrbeziehung_nach, fahrbeziehung_von, fahrbeziehung_id, fahrradfahrer, fussgaenger, hochrechnung_faktorgv, hochrechnung_faktorkfz, hochrechnung_faktorsv, hochrechnung_hochrechnunggv, hochrechnung_hochrechnungkfz, hochrechnungrad, hochrechnung_hochrechnungsv, kraftraeder, lastzuege, lkw, pkw, sortingindex, startuhrzeit, type, zaehlung_id) VALUES ('313e0275-479b-41ed-9561-f0e0010b5b02', '2026-02-04 21:17:22.773', 1, 12, '1941-05-12 01:45:00', NULL, 3, 4, '335b9ece-e657-4442-ada7-e217e23013a6', 8, 7, 1.00, 1.00, 1.00, 55.00, 92.00, NULL, 67.00, 15, 48, 7, 10, 11007006, '1941-05-12 01:30:00', 'STUNDE_VIERTEL', '442984fa-3b79-4b85-ab8d-ebf5e07c5a42');
INSERT INTO zeitintervall (id, created_time, version, busse, endeuhrzeit, fahrbeziehung_fahrbewegungkreisverkehr, fahrbeziehung_nach, fahrbeziehung_von, fahrbeziehung_id, fahrradfahrer, fussgaenger, hochrechnung_faktorgv, hochrechnung_faktorkfz, hochrechnung_faktorsv, hochrechnung_hochrechnunggv, hochrechnung_hochrechnungkfz, hochrechnungrad, hochrechnung_hochrechnungsv, kraftraeder, lastzuege, lkw, pkw, sortingindex, startuhrzeit, type, zaehlung_id) VALUES ('12541083-eb76-46fc-8534-420914a76f9c', '2026-02-04 21:17:22.772', 1, 18, '1941-05-12 01:45:00', NULL, 2, 4, '6596ef92-fbf3-492d-af4b-3fd059ad2268', 29, 8, 1.00, 1.00, 1.00, 26.00, 102.00, NULL, 44.00, 40, 10, 16, 18, 11007006, '1941-05-12 01:30:00', 'STUNDE_VIERTEL', '442984fa-3b79-4b85-ab8d-ebf5e07c5a42');
INSERT INTO zeitintervall (id, created_time, version, busse, endeuhrzeit, fahrbeziehung_fahrbewegungkreisverkehr, fahrbeziehung_nach, fahrbeziehung_von, fahrbeziehung_id, fahrradfahrer, fussgaenger, hochrechnung_faktorgv, hochrechnung_faktorkfz, hochrechnung_faktorsv, hochrechnung_hochrechnunggv, hochrechnung_hochrechnungkfz, hochrechnungrad, hochrechnung_hochrechnungsv, kraftraeder, lastzuege, lkw, pkw, sortingindex, startuhrzeit, type, zaehlung_id) VALUES ('1c7091ca-c926-4484-b369-97bf688a0509', '2026-02-04 21:17:22.767', 1, 10, '1941-05-12 01:45:00', NULL, 2, 1, '4393fb61-6828-4043-a098-fb01e22d0083', 12, 14, 1.00, 1.00, 1.00, 46.00, 74.00, NULL, 56.00, 11, 9, 37, 7, 11007006, '1941-05-12 01:30:00', 'STUNDE_VIERTEL', '442984fa-3b79-4b85-ab8d-ebf5e07c5a42');
INSERT INTO zeitintervall (id, created_time, version, busse, endeuhrzeit, fahrbeziehung_fahrbewegungkreisverkehr, fahrbeziehung_nach, fahrbeziehung_von, fahrbeziehung_id, fahrradfahrer, fussgaenger, hochrechnung_faktorgv, hochrechnung_faktorkfz, hochrechnung_faktorsv, hochrechnung_hochrechnunggv, hochrechnung_hochrechnungkfz, hochrechnungrad, hochrechnung_hochrechnungsv, kraftraeder, lastzuege, lkw, pkw, sortingindex, startuhrzeit, type, zaehlung_id) VALUES ('483e7049-4110-4b4f-b803-3f7901517309', '2026-02-04 21:17:22.77', 1, 10, '1941-05-12 01:45:00', NULL, 1, 3, '44d0f93f-9f10-436a-b4e6-78bf4a0ab2e8', 12, 14, 1.00, 1.00, 1.00, 46.00, 74.00, NULL, 56.00, 11, 9, 37, 7, 11007006, '1941-05-12 01:30:00', 'STUNDE_VIERTEL', '442984fa-3b79-4b85-ab8d-ebf5e07c5a42');
INSERT INTO zeitintervall (id, created_time, version, busse, endeuhrzeit, fahrbeziehung_fahrbewegungkreisverkehr, fahrbeziehung_nach, fahrbeziehung_von, fahrbeziehung_id, fahrradfahrer, fussgaenger, hochrechnung_faktorgv, hochrechnung_faktorkfz, hochrechnung_faktorsv, hochrechnung_hochrechnunggv, hochrechnung_hochrechnungkfz, hochrechnungrad, hochrechnung_hochrechnungsv, kraftraeder, lastzuege, lkw, pkw, sortingindex, startuhrzeit, type, zaehlung_id) VALUES ('6442a9a4-5298-4870-a306-65b362b525c9', '2026-02-04 21:17:22.77', 1, 11, '1941-05-12 02:00:00', NULL, 1, 3, '44d0f93f-9f10-436a-b4e6-78bf4a0ab2e8', 13, 15, 1.00, 1.00, 1.00, 18.00, 49.00, NULL, 29.00, 12, 10, 8, 8, 11008007, '1941-05-12 01:45:00', 'STUNDE_VIERTEL', '442984fa-3b79-4b85-ab8d-ebf5e07c5a42');
INSERT INTO zeitintervall (id, created_time, version, busse, endeuhrzeit, fahrbeziehung_fahrbewegungkreisverkehr, fahrbeziehung_nach, fahrbeziehung_von, fahrbeziehung_id, fahrradfahrer, fussgaenger, hochrechnung_faktorgv, hochrechnung_faktorkfz, hochrechnung_faktorsv, hochrechnung_hochrechnunggv, hochrechnung_hochrechnungkfz, hochrechnungrad, hochrechnung_hochrechnungsv, kraftraeder, lastzuege, lkw, pkw, sortingindex, startuhrzeit, type, zaehlung_id) VALUES ('0a0229f9-8a12-4f7b-839a-7066090ebbc1', '2026-02-04 21:17:22.771', 1, 13, '1941-05-12 02:00:00', NULL, 4, 3, '430dfa9b-9cee-427b-b009-4f8db2cc9b1d', 9, 8, 1.00, 1.00, 1.00, 66.00, 106.00, NULL, 79.00, 16, 49, 17, 11, 11008007, '1941-05-12 01:45:00', 'STUNDE_VIERTEL', '442984fa-3b79-4b85-ab8d-ebf5e07c5a42');
INSERT INTO zeitintervall (id, created_time, version, busse, endeuhrzeit, fahrbeziehung_fahrbewegungkreisverkehr, fahrbeziehung_nach, fahrbeziehung_von, fahrbeziehung_id, fahrradfahrer, fussgaenger, hochrechnung_faktorgv, hochrechnung_faktorkfz, hochrechnung_faktorsv, hochrechnung_hochrechnunggv, hochrechnung_hochrechnungkfz, hochrechnungrad, hochrechnung_hochrechnungsv, kraftraeder, lastzuege, lkw, pkw, sortingindex, startuhrzeit, type, zaehlung_id) VALUES ('823daae9-d65a-4a92-b056-1fe8b69b80f5', '2026-02-04 21:17:22.77', 1, 13, '1941-05-12 02:00:00', NULL, 4, 2, '5a545c5c-dea5-40f1-8eeb-001cd0ee2aab', 9, 8, 1.00, 1.00, 1.00, 66.00, 106.00, NULL, 79.00, 16, 49, 17, 11, 11008007, '1941-05-12 01:45:00', 'STUNDE_VIERTEL', '442984fa-3b79-4b85-ab8d-ebf5e07c5a42');
INSERT INTO zeitintervall (id, created_time, version, busse, endeuhrzeit, fahrbeziehung_fahrbewegungkreisverkehr, fahrbeziehung_nach, fahrbeziehung_von, fahrbeziehung_id, fahrradfahrer, fussgaenger, hochrechnung_faktorgv, hochrechnung_faktorkfz, hochrechnung_faktorsv, hochrechnung_hochrechnunggv, hochrechnung_hochrechnungkfz, hochrechnungrad, hochrechnung_hochrechnungsv, kraftraeder, lastzuege, lkw, pkw, sortingindex, startuhrzeit, type, zaehlung_id) VALUES ('391717f7-b365-4a40-bd0b-532cee94f87b', '2026-02-04 21:17:22.772', 1, 19, '1941-05-12 02:00:00', NULL, 2, 4, '6596ef92-fbf3-492d-af4b-3fd059ad2268', 30, 9, 1.00, 1.00, 1.00, 49.00, 128.00, NULL, 68.00, 41, 11, 38, 19, 11008007, '1941-05-12 01:45:00', 'STUNDE_VIERTEL', '442984fa-3b79-4b85-ab8d-ebf5e07c5a42');
INSERT INTO zeitintervall (id, created_time, version, busse, endeuhrzeit, fahrbeziehung_fahrbewegungkreisverkehr, fahrbeziehung_nach, fahrbeziehung_von, fahrbeziehung_id, fahrradfahrer, fussgaenger, hochrechnung_faktorgv, hochrechnung_faktorkfz, hochrechnung_faktorsv, hochrechnung_hochrechnunggv, hochrechnung_hochrechnungkfz, hochrechnungrad, hochrechnung_hochrechnungsv, kraftraeder, lastzuege, lkw, pkw, sortingindex, startuhrzeit, type, zaehlung_id) VALUES ('f92d9b03-696e-4ca6-a3f0-9d6107a5b576', '2026-02-04 21:17:22.773', 1, 13, '1941-05-12 02:00:00', NULL, 3, 4, '335b9ece-e657-4442-ada7-e217e23013a6', 9, 8, 1.00, 1.00, 1.00, 66.00, 106.00, NULL, 79.00, 16, 49, 17, 11, 11008007, '1941-05-12 01:45:00', 'STUNDE_VIERTEL', '442984fa-3b79-4b85-ab8d-ebf5e07c5a42');
INSERT INTO zeitintervall (id, created_time, version, busse, endeuhrzeit, fahrbeziehung_fahrbewegungkreisverkehr, fahrbeziehung_nach, fahrbeziehung_von, fahrbeziehung_id, fahrradfahrer, fussgaenger, hochrechnung_faktorgv, hochrechnung_faktorkfz, hochrechnung_faktorsv, hochrechnung_hochrechnunggv, hochrechnung_hochrechnungkfz, hochrechnungrad, hochrechnung_hochrechnungsv, kraftraeder, lastzuege, lkw, pkw, sortingindex, startuhrzeit, type, zaehlung_id) VALUES ('89431ae6-1d3e-4425-b36b-2d832665bd63', '2026-02-04 21:17:22.768', 1, 13, '1941-05-12 02:00:00', NULL, 4, 1, '04776c43-9a41-4cc9-b990-29dcc37091c9', 9, 8, 1.00, 1.00, 1.00, 66.00, 106.00, NULL, 79.00, 16, 49, 17, 11, 11008007, '1941-05-12 01:45:00', 'STUNDE_VIERTEL', '442984fa-3b79-4b85-ab8d-ebf5e07c5a42');
INSERT INTO zeitintervall (id, created_time, version, busse, endeuhrzeit, fahrbeziehung_fahrbewegungkreisverkehr, fahrbeziehung_nach, fahrbeziehung_von, fahrbeziehung_id, fahrradfahrer, fussgaenger, hochrechnung_faktorgv, hochrechnung_faktorkfz, hochrechnung_faktorsv, hochrechnung_hochrechnunggv, hochrechnung_hochrechnungkfz, hochrechnungrad, hochrechnung_hochrechnungsv, kraftraeder, lastzuege, lkw, pkw, sortingindex, startuhrzeit, type, zaehlung_id) VALUES ('c0e03902-0f13-42f4-9347-7560484ff07b', '2026-02-04 21:17:22.767', 1, 11, '1941-05-12 02:00:00', NULL, 2, 1, '4393fb61-6828-4043-a098-fb01e22d0083', 13, 15, 1.00, 1.00, 1.00, 18.00, 49.00, NULL, 29.00, 12, 10, 8, 8, 11008007, '1941-05-12 01:45:00', 'STUNDE_VIERTEL', '442984fa-3b79-4b85-ab8d-ebf5e07c5a42');
INSERT INTO zeitintervall (id, created_time, version, busse, endeuhrzeit, fahrbeziehung_fahrbewegungkreisverkehr, fahrbeziehung_nach, fahrbeziehung_von, fahrbeziehung_id, fahrradfahrer, fussgaenger, hochrechnung_faktorgv, hochrechnung_faktorkfz, hochrechnung_faktorsv, hochrechnung_hochrechnunggv, hochrechnung_hochrechnungkfz, hochrechnungrad, hochrechnung_hochrechnungsv, kraftraeder, lastzuege, lkw, pkw, sortingindex, startuhrzeit, type, zaehlung_id) VALUES ('c23114ff-5de4-4f9e-9a39-d62c293431ef', '2026-02-04 21:17:22.772', 1, 11, '1941-05-12 02:00:00', NULL, 1, 4, '3bc9fd94-0c8a-47ed-b23e-7bfa6e7fb8f3', 13, 15, 1.00, 1.00, 1.00, 18.00, 49.00, NULL, 29.00, 12, 10, 8, 8, 11008007, '1941-05-12 01:45:00', 'STUNDE_VIERTEL', '442984fa-3b79-4b85-ab8d-ebf5e07c5a42');
INSERT INTO zeitintervall (id, created_time, version, busse, endeuhrzeit, fahrbeziehung_fahrbewegungkreisverkehr, fahrbeziehung_nach, fahrbeziehung_von, fahrbeziehung_id, fahrradfahrer, fussgaenger, hochrechnung_faktorgv, hochrechnung_faktorkfz, hochrechnung_faktorsv, hochrechnung_hochrechnunggv, hochrechnung_hochrechnungkfz, hochrechnungrad, hochrechnung_hochrechnungsv, kraftraeder, lastzuege, lkw, pkw, sortingindex, startuhrzeit, type, zaehlung_id) VALUES ('0ff7ba3d-7c51-4a21-8423-cfed7335ba5b', '2026-02-04 21:17:22.771', 1, 19, '1941-05-12 02:00:00', NULL, 2, 3, '437becb1-c441-4b60-9569-75d9148abd6f', 30, 9, 1.00, 1.00, 1.00, 49.00, 128.00, NULL, 68.00, 41, 11, 38, 19, 11008007, '1941-05-12 01:45:00', 'STUNDE_VIERTEL', '442984fa-3b79-4b85-ab8d-ebf5e07c5a42');
INSERT INTO zeitintervall (id, created_time, version, busse, endeuhrzeit, fahrbeziehung_fahrbewegungkreisverkehr, fahrbeziehung_nach, fahrbeziehung_von, fahrbeziehung_id, fahrradfahrer, fussgaenger, hochrechnung_faktorgv, hochrechnung_faktorkfz, hochrechnung_faktorsv, hochrechnung_hochrechnunggv, hochrechnung_hochrechnungkfz, hochrechnungrad, hochrechnung_hochrechnungsv, kraftraeder, lastzuege, lkw, pkw, sortingindex, startuhrzeit, type, zaehlung_id) VALUES ('b8680bb0-13ab-423f-9b9d-cb324d902097', '2026-02-04 21:17:22.769', 1, 11, '1941-05-12 02:00:00', NULL, 1, 2, '9f059eaa-6263-469c-a492-c903d05e4f95', 13, 15, 1.00, 1.00, 1.00, 18.00, 49.00, NULL, 29.00, 12, 10, 8, 8, 11008007, '1941-05-12 01:45:00', 'STUNDE_VIERTEL', '442984fa-3b79-4b85-ab8d-ebf5e07c5a42');
INSERT INTO zeitintervall (id, created_time, version, busse, endeuhrzeit, fahrbeziehung_fahrbewegungkreisverkehr, fahrbeziehung_nach, fahrbeziehung_von, fahrbeziehung_id, fahrradfahrer, fussgaenger, hochrechnung_faktorgv, hochrechnung_faktorkfz, hochrechnung_faktorsv, hochrechnung_hochrechnunggv, hochrechnung_hochrechnungkfz, hochrechnungrad, hochrechnung_hochrechnungsv, kraftraeder, lastzuege, lkw, pkw, sortingindex, startuhrzeit, type, zaehlung_id) VALUES ('8a6f6585-0526-4258-84bd-90f6a214c9da', '2026-02-04 21:17:22.768', 1, 19, '1941-05-12 02:00:00', NULL, 3, 1, 'a17909b0-1220-46bd-b483-1b1800211d3a', 30, 9, 1.00, 1.00, 1.00, 49.00, 128.00, NULL, 68.00, 41, 11, 38, 19, 11008007, '1941-05-12 01:45:00', 'STUNDE_VIERTEL', '442984fa-3b79-4b85-ab8d-ebf5e07c5a42');
INSERT INTO zeitintervall (id, created_time, version, busse, endeuhrzeit, fahrbeziehung_fahrbewegungkreisverkehr, fahrbeziehung_nach, fahrbeziehung_von, fahrbeziehung_id, fahrradfahrer, fussgaenger, hochrechnung_faktorgv, hochrechnung_faktorkfz, hochrechnung_faktorsv, hochrechnung_hochrechnunggv, hochrechnung_hochrechnungkfz, hochrechnungrad, hochrechnung_hochrechnungsv, kraftraeder, lastzuege, lkw, pkw, sortingindex, startuhrzeit, type, zaehlung_id) VALUES ('80e4c6ca-aa2d-45e3-8563-35bdd2eb96ca', '2026-02-04 21:17:22.769', 1, 19, '1941-05-12 02:00:00', NULL, 3, 2, '4b9300c8-8e9f-4c2a-8509-8505dca9b516', 30, 9, 1.00, 1.00, 1.00, 49.00, 128.00, NULL, 68.00, 41, 11, 38, 19, 11008007, '1941-05-12 01:45:00', 'STUNDE_VIERTEL', '442984fa-3b79-4b85-ab8d-ebf5e07c5a42');
INSERT INTO zeitintervall (id, created_time, version, busse, endeuhrzeit, fahrbeziehung_fahrbewegungkreisverkehr, fahrbeziehung_nach, fahrbeziehung_von, fahrbeziehung_id, fahrradfahrer, fussgaenger, hochrechnung_faktorgv, hochrechnung_faktorkfz, hochrechnung_faktorsv, hochrechnung_hochrechnunggv, hochrechnung_hochrechnungkfz, hochrechnungrad, hochrechnung_hochrechnungsv, kraftraeder, lastzuege, lkw, pkw, sortingindex, startuhrzeit, type, zaehlung_id) VALUES ('f8b82ddd-cd89-4114-94d4-704c13e68400', '2026-02-05 14:24:48.206', 1, 9, '1941-05-12 01:00:00', NULL, 4, 1, 'a8d33317-6915-4f5e-8b2b-77aa0f2690df', 5, 4, 1.00, 1.00, 1.00, 59.00, 87.00, NULL, 68.00, 12, 45, 14, 7, 11004003, '1941-05-12 00:45:00', 'STUNDE_VIERTEL', '339f992e-0925-4f6d-9e75-099bc520ad2c');
INSERT INTO zeitintervall (id, created_time, version, busse, endeuhrzeit, fahrbeziehung_fahrbewegungkreisverkehr, fahrbeziehung_nach, fahrbeziehung_von, fahrbeziehung_id, fahrradfahrer, fussgaenger, hochrechnung_faktorgv, hochrechnung_faktorkfz, hochrechnung_faktorsv, hochrechnung_hochrechnunggv, hochrechnung_hochrechnungkfz, hochrechnungrad, hochrechnung_hochrechnungsv, kraftraeder, lastzuege, lkw, pkw, sortingindex, startuhrzeit, type, zaehlung_id) VALUES ('d9fbfc5e-3e05-4774-b57f-4569a6c92046', '2026-02-05 14:24:48.204', 1, 7, '1941-05-12 01:00:00', NULL, 2, 1, 'd8d28889-fdb8-46d3-91b3-87816e31a3a3', 9, 11, 1.00, 1.00, 1.00, 11.00, 30.00, NULL, 18.00, 8, 6, 5, 4, 11004003, '1941-05-12 00:45:00', 'STUNDE_VIERTEL', '339f992e-0925-4f6d-9e75-099bc520ad2c');
INSERT INTO zeitintervall (id, created_time, version, busse, endeuhrzeit, fahrbeziehung_fahrbewegungkreisverkehr, fahrbeziehung_nach, fahrbeziehung_von, fahrbeziehung_id, fahrradfahrer, fussgaenger, hochrechnung_faktorgv, hochrechnung_faktorkfz, hochrechnung_faktorsv, hochrechnung_hochrechnunggv, hochrechnung_hochrechnungkfz, hochrechnungrad, hochrechnung_hochrechnungsv, kraftraeder, lastzuege, lkw, pkw, sortingindex, startuhrzeit, type, zaehlung_id) VALUES ('c8e73ccd-6e95-4161-bb1b-8aa27333a0c9', '2026-02-05 14:24:48.21', 1, 15, '1941-05-12 01:00:00', NULL, 2, 3, 'f550b529-0405-451b-8241-26337ce6b24e', 26, 5, 1.00, 1.00, 1.00, 42.00, 109.00, NULL, 57.00, 37, 7, 35, 15, 11004003, '1941-05-12 00:45:00', 'STUNDE_VIERTEL', '339f992e-0925-4f6d-9e75-099bc520ad2c');
INSERT INTO zeitintervall (id, created_time, version, busse, endeuhrzeit, fahrbeziehung_fahrbewegungkreisverkehr, fahrbeziehung_nach, fahrbeziehung_von, fahrbeziehung_id, fahrradfahrer, fussgaenger, hochrechnung_faktorgv, hochrechnung_faktorkfz, hochrechnung_faktorsv, hochrechnung_hochrechnunggv, hochrechnung_hochrechnungkfz, hochrechnungrad, hochrechnung_hochrechnungsv, kraftraeder, lastzuege, lkw, pkw, sortingindex, startuhrzeit, type, zaehlung_id) VALUES ('67f951ca-686f-4009-b90e-284be0721e72', '2026-02-05 14:24:48.213', 1, 15, '1941-05-12 01:00:00', NULL, 2, 4, '0482144f-e22f-4ba0-8ea9-37b28922a2b0', 26, 5, 1.00, 1.00, 1.00, 42.00, 109.00, NULL, 57.00, 37, 7, 35, 15, 11004003, '1941-05-12 00:45:00', 'STUNDE_VIERTEL', '339f992e-0925-4f6d-9e75-099bc520ad2c');
INSERT INTO zeitintervall (id, created_time, version, busse, endeuhrzeit, fahrbeziehung_fahrbewegungkreisverkehr, fahrbeziehung_nach, fahrbeziehung_von, fahrbeziehung_id, fahrradfahrer, fussgaenger, hochrechnung_faktorgv, hochrechnung_faktorkfz, hochrechnung_faktorsv, hochrechnung_hochrechnunggv, hochrechnung_hochrechnungkfz, hochrechnungrad, hochrechnung_hochrechnungsv, kraftraeder, lastzuege, lkw, pkw, sortingindex, startuhrzeit, type, zaehlung_id) VALUES ('155bdd6e-654e-4c0d-b8b6-255bd1c511fa', '2026-02-05 14:24:48.21', 1, 16, '1941-05-12 01:15:00', NULL, 2, 3, 'f550b529-0405-451b-8241-26337ce6b24e', 27, 6, 1.00, 1.00, 1.00, 14.00, 84.00, NULL, 30.00, 38, 8, 6, 16, 11005004, '1941-05-12 01:00:00', 'STUNDE_VIERTEL', '339f992e-0925-4f6d-9e75-099bc520ad2c');
INSERT INTO zeitintervall (id, created_time, version, busse, endeuhrzeit, fahrbeziehung_fahrbewegungkreisverkehr, fahrbeziehung_nach, fahrbeziehung_von, fahrbeziehung_id, fahrradfahrer, fussgaenger, hochrechnung_faktorgv, hochrechnung_faktorkfz, hochrechnung_faktorsv, hochrechnung_hochrechnunggv, hochrechnung_hochrechnungkfz, hochrechnungrad, hochrechnung_hochrechnungsv, kraftraeder, lastzuege, lkw, pkw, sortingindex, startuhrzeit, type, zaehlung_id) VALUES ('59088b5d-9f0c-49ae-83dc-b5f955f33d1b', '2026-02-05 14:24:48.204', 1, 8, '1941-05-12 01:15:00', NULL, 2, 1, 'd8d28889-fdb8-46d3-91b3-87816e31a3a3', 10, 12, 1.00, 1.00, 1.00, 12.00, 34.00, NULL, 20.00, 9, 7, 5, 5, 11005004, '1941-05-12 01:00:00', 'STUNDE_VIERTEL', '339f992e-0925-4f6d-9e75-099bc520ad2c');
INSERT INTO zeitintervall (id, created_time, version, busse, endeuhrzeit, fahrbeziehung_fahrbewegungkreisverkehr, fahrbeziehung_nach, fahrbeziehung_von, fahrbeziehung_id, fahrradfahrer, fussgaenger, hochrechnung_faktorgv, hochrechnung_faktorkfz, hochrechnung_faktorsv, hochrechnung_hochrechnunggv, hochrechnung_hochrechnungkfz, hochrechnungrad, hochrechnung_hochrechnungsv, kraftraeder, lastzuege, lkw, pkw, sortingindex, startuhrzeit, type, zaehlung_id) VALUES ('a1b7543b-582f-4326-8287-e23f7fe0a5c2', '2026-02-05 14:24:48.205', 1, 16, '1941-05-12 01:15:00', NULL, 3, 1, 'e2f416a3-bced-438a-bcc1-a836c85815d1', 27, 6, 1.00, 1.00, 1.00, 14.00, 84.00, NULL, 30.00, 38, 8, 6, 16, 11005004, '1941-05-12 01:00:00', 'STUNDE_VIERTEL', '339f992e-0925-4f6d-9e75-099bc520ad2c');
INSERT INTO zeitintervall (id, created_time, version, busse, endeuhrzeit, fahrbeziehung_fahrbewegungkreisverkehr, fahrbeziehung_nach, fahrbeziehung_von, fahrbeziehung_id, fahrradfahrer, fussgaenger, hochrechnung_faktorgv, hochrechnung_faktorkfz, hochrechnung_faktorsv, hochrechnung_hochrechnunggv, hochrechnung_hochrechnungkfz, hochrechnungrad, hochrechnung_hochrechnungsv, kraftraeder, lastzuege, lkw, pkw, sortingindex, startuhrzeit, type, zaehlung_id) VALUES ('03e5c9d8-f5b3-4251-bdd1-af2ce58d01dc', '2026-02-05 14:24:48.206', 1, 10, '1941-05-12 01:15:00', NULL, 4, 1, 'a8d33317-6915-4f5e-8b2b-77aa0f2690df', 6, 5, 1.00, 1.00, 1.00, 82.00, 113.00, NULL, 92.00, 13, 46, 36, 8, 11005004, '1941-05-12 01:00:00', 'STUNDE_VIERTEL', '339f992e-0925-4f6d-9e75-099bc520ad2c');
INSERT INTO zeitintervall (id, created_time, version, busse, endeuhrzeit, fahrbeziehung_fahrbewegungkreisverkehr, fahrbeziehung_nach, fahrbeziehung_von, fahrbeziehung_id, fahrradfahrer, fussgaenger, hochrechnung_faktorgv, hochrechnung_faktorkfz, hochrechnung_faktorsv, hochrechnung_hochrechnunggv, hochrechnung_hochrechnungkfz, hochrechnungrad, hochrechnung_hochrechnungsv, kraftraeder, lastzuege, lkw, pkw, sortingindex, startuhrzeit, type, zaehlung_id) VALUES ('7ea9555f-5a4b-4de7-8d55-1a33914d0509', '2026-02-05 14:24:48.207', 1, 8, '1941-05-12 01:15:00', NULL, 1, 2, 'a3f8423d-5cdf-48ce-999c-9576bb560d72', 10, 12, 1.00, 1.00, 1.00, 12.00, 34.00, NULL, 20.00, 9, 7, 5, 5, 11005004, '1941-05-12 01:00:00', 'STUNDE_VIERTEL', '339f992e-0925-4f6d-9e75-099bc520ad2c');
INSERT INTO zeitintervall (id, created_time, version, busse, endeuhrzeit, fahrbeziehung_fahrbewegungkreisverkehr, fahrbeziehung_nach, fahrbeziehung_von, fahrbeziehung_id, fahrradfahrer, fussgaenger, hochrechnung_faktorgv, hochrechnung_faktorkfz, hochrechnung_faktorsv, hochrechnung_hochrechnunggv, hochrechnung_hochrechnungkfz, hochrechnungrad, hochrechnung_hochrechnungsv, kraftraeder, lastzuege, lkw, pkw, sortingindex, startuhrzeit, type, zaehlung_id) VALUES ('022f1ff2-9356-4ce7-9428-86eac7115cb4', '2026-02-05 14:24:48.208', 1, 16, '1941-05-12 01:15:00', NULL, 3, 2, 'a072cc32-b43c-4b0d-a2d4-0250f3c2e267', 27, 6, 1.00, 1.00, 1.00, 14.00, 84.00, NULL, 30.00, 38, 8, 6, 16, 11005004, '1941-05-12 01:00:00', 'STUNDE_VIERTEL', '339f992e-0925-4f6d-9e75-099bc520ad2c');
INSERT INTO zeitintervall (id, created_time, version, busse, endeuhrzeit, fahrbeziehung_fahrbewegungkreisverkehr, fahrbeziehung_nach, fahrbeziehung_von, fahrbeziehung_id, fahrradfahrer, fussgaenger, hochrechnung_faktorgv, hochrechnung_faktorkfz, hochrechnung_faktorsv, hochrechnung_hochrechnunggv, hochrechnung_hochrechnungkfz, hochrechnungrad, hochrechnung_hochrechnungsv, kraftraeder, lastzuege, lkw, pkw, sortingindex, startuhrzeit, type, zaehlung_id) VALUES ('b1742338-f179-46bd-a62e-21df1a398b1c', '2026-02-05 14:24:48.209', 1, 10, '1941-05-12 01:15:00', NULL, 4, 2, 'af5617f8-fbed-4a43-8b15-95aa056ea7f6', 6, 5, 1.00, 1.00, 1.00, 82.00, 113.00, NULL, 92.00, 13, 46, 36, 8, 11005004, '1941-05-12 01:00:00', 'STUNDE_VIERTEL', '339f992e-0925-4f6d-9e75-099bc520ad2c');
INSERT INTO zeitintervall (id, created_time, version, busse, endeuhrzeit, fahrbeziehung_fahrbewegungkreisverkehr, fahrbeziehung_nach, fahrbeziehung_von, fahrbeziehung_id, fahrradfahrer, fussgaenger, hochrechnung_faktorgv, hochrechnung_faktorkfz, hochrechnung_faktorsv, hochrechnung_hochrechnunggv, hochrechnung_hochrechnungkfz, hochrechnungrad, hochrechnung_hochrechnungsv, kraftraeder, lastzuege, lkw, pkw, sortingindex, startuhrzeit, type, zaehlung_id) VALUES ('90eeaf47-4ab3-4186-b112-0ac6319b53d9', '2026-02-05 14:24:48.21', 1, 8, '1941-05-12 01:15:00', NULL, 1, 3, '04ef4e64-f51c-4f76-9819-5d9b90831255', 10, 12, 1.00, 1.00, 1.00, 12.00, 34.00, NULL, 20.00, 9, 7, 5, 5, 11005004, '1941-05-12 01:00:00', 'STUNDE_VIERTEL', '339f992e-0925-4f6d-9e75-099bc520ad2c');
INSERT INTO zeitintervall (id, created_time, version, busse, endeuhrzeit, fahrbeziehung_fahrbewegungkreisverkehr, fahrbeziehung_nach, fahrbeziehung_von, fahrbeziehung_id, fahrradfahrer, fussgaenger, hochrechnung_faktorgv, hochrechnung_faktorkfz, hochrechnung_faktorsv, hochrechnung_hochrechnunggv, hochrechnung_hochrechnungkfz, hochrechnungrad, hochrechnung_hochrechnungsv, kraftraeder, lastzuege, lkw, pkw, sortingindex, startuhrzeit, type, zaehlung_id) VALUES ('7af99954-2d97-4cb8-846d-f5c6ce7e2cc8', '2026-02-05 14:24:48.211', 1, 10, '1941-05-12 01:15:00', NULL, 4, 3, '4e590818-6c4a-4301-8d8a-05029c5ed0ce', 6, 5, 1.00, 1.00, 1.00, 82.00, 113.00, NULL, 92.00, 13, 46, 36, 8, 11005004, '1941-05-12 01:00:00', 'STUNDE_VIERTEL', '339f992e-0925-4f6d-9e75-099bc520ad2c');
INSERT INTO zeitintervall (id, created_time, version, busse, endeuhrzeit, fahrbeziehung_fahrbewegungkreisverkehr, fahrbeziehung_nach, fahrbeziehung_von, fahrbeziehung_id, fahrradfahrer, fussgaenger, hochrechnung_faktorgv, hochrechnung_faktorkfz, hochrechnung_faktorsv, hochrechnung_hochrechnunggv, hochrechnung_hochrechnungkfz, hochrechnungrad, hochrechnung_hochrechnungsv, kraftraeder, lastzuege, lkw, pkw, sortingindex, startuhrzeit, type, zaehlung_id) VALUES ('232cbd9a-b592-4175-abee-be19493428c7', '2026-02-05 14:24:48.212', 1, 8, '1941-05-12 01:15:00', NULL, 1, 4, 'ffc06014-19f5-4884-822e-13fe8cb35eed', 10, 12, 1.00, 1.00, 1.00, 12.00, 34.00, NULL, 20.00, 9, 7, 5, 5, 11005004, '1941-05-12 01:00:00', 'STUNDE_VIERTEL', '339f992e-0925-4f6d-9e75-099bc520ad2c');
INSERT INTO zeitintervall (id, created_time, version, busse, endeuhrzeit, fahrbeziehung_fahrbewegungkreisverkehr, fahrbeziehung_nach, fahrbeziehung_von, fahrbeziehung_id, fahrradfahrer, fussgaenger, hochrechnung_faktorgv, hochrechnung_faktorkfz, hochrechnung_faktorsv, hochrechnung_hochrechnunggv, hochrechnung_hochrechnungkfz, hochrechnungrad, hochrechnung_hochrechnungsv, kraftraeder, lastzuege, lkw, pkw, sortingindex, startuhrzeit, type, zaehlung_id) VALUES ('28722924-3d6a-4f68-ad9f-9688f1f56a9d', '2026-02-05 14:24:48.213', 1, 16, '1941-05-12 01:15:00', NULL, 2, 4, '0482144f-e22f-4ba0-8ea9-37b28922a2b0', 27, 6, 1.00, 1.00, 1.00, 14.00, 84.00, NULL, 30.00, 38, 8, 6, 16, 11005004, '1941-05-12 01:00:00', 'STUNDE_VIERTEL', '339f992e-0925-4f6d-9e75-099bc520ad2c');
INSERT INTO zeitintervall (id, created_time, version, busse, endeuhrzeit, fahrbeziehung_fahrbewegungkreisverkehr, fahrbeziehung_nach, fahrbeziehung_von, fahrbeziehung_id, fahrradfahrer, fussgaenger, hochrechnung_faktorgv, hochrechnung_faktorkfz, hochrechnung_faktorsv, hochrechnung_hochrechnunggv, hochrechnung_hochrechnungkfz, hochrechnungrad, hochrechnung_hochrechnungsv, kraftraeder, lastzuege, lkw, pkw, sortingindex, startuhrzeit, type, zaehlung_id) VALUES ('de0c4b72-8a52-4236-8c51-e662c1669109', '2026-02-05 14:24:48.213', 1, 10, '1941-05-12 01:15:00', NULL, 3, 4, 'd93ce293-9004-4c46-8b4c-904865c05d61', 6, 5, 1.00, 1.00, 1.00, 82.00, 113.00, NULL, 92.00, 13, 46, 36, 8, 11005004, '1941-05-12 01:00:00', 'STUNDE_VIERTEL', '339f992e-0925-4f6d-9e75-099bc520ad2c');
INSERT INTO zeitintervall (id, created_time, version, busse, endeuhrzeit, fahrbeziehung_fahrbewegungkreisverkehr, fahrbeziehung_nach, fahrbeziehung_von, fahrbeziehung_id, fahrradfahrer, fussgaenger, hochrechnung_faktorgv, hochrechnung_faktorkfz, hochrechnung_faktorsv, hochrechnung_hochrechnunggv, hochrechnung_hochrechnungkfz, hochrechnungrad, hochrechnung_hochrechnungsv, kraftraeder, lastzuege, lkw, pkw, sortingindex, startuhrzeit, type, zaehlung_id) VALUES ('f6f7dc5c-04d2-494d-a47b-22ee0ddcd6ea', '2026-02-05 14:24:48.206', 1, 11, '1941-05-12 01:30:00', NULL, 4, 1, 'a8d33317-6915-4f5e-8b2b-77aa0f2690df', 7, 6, 1.00, 1.00, 1.00, 54.00, 88.00, NULL, 65.00, 14, 47, 7, 9, 11006005, '1941-05-12 01:15:00', 'STUNDE_VIERTEL', '339f992e-0925-4f6d-9e75-099bc520ad2c');
INSERT INTO zeitintervall (id, created_time, version, busse, endeuhrzeit, fahrbeziehung_fahrbewegungkreisverkehr, fahrbeziehung_nach, fahrbeziehung_von, fahrbeziehung_id, fahrradfahrer, fussgaenger, hochrechnung_faktorgv, hochrechnung_faktorkfz, hochrechnung_faktorsv, hochrechnung_hochrechnunggv, hochrechnung_hochrechnungkfz, hochrechnungrad, hochrechnung_hochrechnungsv, kraftraeder, lastzuege, lkw, pkw, sortingindex, startuhrzeit, type, zaehlung_id) VALUES ('4290d684-9b94-47a2-a7eb-82b88c695909', '2026-02-05 14:24:48.209', 1, 11, '1941-05-12 01:30:00', NULL, 4, 2, 'af5617f8-fbed-4a43-8b15-95aa056ea7f6', 7, 6, 1.00, 1.00, 1.00, 54.00, 88.00, NULL, 65.00, 14, 47, 7, 9, 11006005, '1941-05-12 01:15:00', 'STUNDE_VIERTEL', '339f992e-0925-4f6d-9e75-099bc520ad2c');
INSERT INTO zeitintervall (id, created_time, version, busse, endeuhrzeit, fahrbeziehung_fahrbewegungkreisverkehr, fahrbeziehung_nach, fahrbeziehung_von, fahrbeziehung_id, fahrradfahrer, fussgaenger, hochrechnung_faktorgv, hochrechnung_faktorkfz, hochrechnung_faktorsv, hochrechnung_hochrechnunggv, hochrechnung_hochrechnungkfz, hochrechnungrad, hochrechnung_hochrechnungsv, kraftraeder, lastzuege, lkw, pkw, sortingindex, startuhrzeit, type, zaehlung_id) VALUES ('93b9646c-f415-4bf2-9495-ec3041c2fc46', '2026-02-05 14:24:48.207', 1, 9, '1941-05-12 01:30:00', NULL, 1, 2, 'a3f8423d-5cdf-48ce-999c-9576bb560d72', 11, 13, 1.00, 1.00, 1.00, 23.00, 48.00, NULL, 32.00, 10, 8, 15, 6, 11006005, '1941-05-12 01:15:00', 'STUNDE_VIERTEL', '339f992e-0925-4f6d-9e75-099bc520ad2c');
INSERT INTO zeitintervall (id, created_time, version, busse, endeuhrzeit, fahrbeziehung_fahrbewegungkreisverkehr, fahrbeziehung_nach, fahrbeziehung_von, fahrbeziehung_id, fahrradfahrer, fussgaenger, hochrechnung_faktorgv, hochrechnung_faktorkfz, hochrechnung_faktorsv, hochrechnung_hochrechnunggv, hochrechnung_hochrechnungkfz, hochrechnungrad, hochrechnung_hochrechnungsv, kraftraeder, lastzuege, lkw, pkw, sortingindex, startuhrzeit, type, zaehlung_id) VALUES ('9099482d-6644-4d4a-8d66-f0fd8f01c115', '2026-02-05 14:24:48.212', 1, 9, '1941-05-12 01:30:00', NULL, 1, 4, 'ffc06014-19f5-4884-822e-13fe8cb35eed', 11, 13, 1.00, 1.00, 1.00, 23.00, 48.00, NULL, 32.00, 10, 8, 15, 6, 11006005, '1941-05-12 01:15:00', 'STUNDE_VIERTEL', '339f992e-0925-4f6d-9e75-099bc520ad2c');
INSERT INTO zeitintervall (id, created_time, version, busse, endeuhrzeit, fahrbeziehung_fahrbewegungkreisverkehr, fahrbeziehung_nach, fahrbeziehung_von, fahrbeziehung_id, fahrradfahrer, fussgaenger, hochrechnung_faktorgv, hochrechnung_faktorkfz, hochrechnung_faktorsv, hochrechnung_hochrechnunggv, hochrechnung_hochrechnungkfz, hochrechnungrad, hochrechnung_hochrechnungsv, kraftraeder, lastzuege, lkw, pkw, sortingindex, startuhrzeit, type, zaehlung_id) VALUES ('7f3a8093-5674-4e56-8c44-17b09abfe2ca', '2026-02-05 14:24:48.213', 1, 11, '1941-05-12 01:30:00', NULL, 3, 4, 'd93ce293-9004-4c46-8b4c-904865c05d61', 7, 6, 1.00, 1.00, 1.00, 54.00, 88.00, NULL, 65.00, 14, 47, 7, 9, 11006005, '1941-05-12 01:15:00', 'STUNDE_VIERTEL', '339f992e-0925-4f6d-9e75-099bc520ad2c');
INSERT INTO zeitintervall (id, created_time, version, busse, endeuhrzeit, fahrbeziehung_fahrbewegungkreisverkehr, fahrbeziehung_nach, fahrbeziehung_von, fahrbeziehung_id, fahrradfahrer, fussgaenger, hochrechnung_faktorgv, hochrechnung_faktorkfz, hochrechnung_faktorsv, hochrechnung_hochrechnunggv, hochrechnung_hochrechnungkfz, hochrechnungrad, hochrechnung_hochrechnungsv, kraftraeder, lastzuege, lkw, pkw, sortingindex, startuhrzeit, type, zaehlung_id) VALUES ('f19c206c-d1c2-4a87-908e-b4da319da90a', '2026-02-05 14:24:48.204', 1, 9, '1941-05-12 01:30:00', NULL, 2, 1, 'd8d28889-fdb8-46d3-91b3-87816e31a3a3', 11, 13, 1.00, 1.00, 1.00, 23.00, 48.00, NULL, 32.00, 10, 8, 15, 6, 11006005, '1941-05-12 01:15:00', 'STUNDE_VIERTEL', '339f992e-0925-4f6d-9e75-099bc520ad2c');
INSERT INTO zeitintervall (id, created_time, version, busse, endeuhrzeit, fahrbeziehung_fahrbewegungkreisverkehr, fahrbeziehung_nach, fahrbeziehung_von, fahrbeziehung_id, fahrradfahrer, fussgaenger, hochrechnung_faktorgv, hochrechnung_faktorkfz, hochrechnung_faktorsv, hochrechnung_hochrechnunggv, hochrechnung_hochrechnungkfz, hochrechnungrad, hochrechnung_hochrechnungsv, kraftraeder, lastzuege, lkw, pkw, sortingindex, startuhrzeit, type, zaehlung_id) VALUES ('4416382b-1226-492b-a511-f115dc874698', '2026-02-05 14:24:48.21', 1, 17, '1941-05-12 01:30:00', NULL, 2, 3, 'f550b529-0405-451b-8241-26337ce6b24e', 28, 7, 1.00, 1.00, 1.00, 15.00, 88.00, NULL, 32.00, 39, 9, 6, 17, 11006005, '1941-05-12 01:15:00', 'STUNDE_VIERTEL', '339f992e-0925-4f6d-9e75-099bc520ad2c');
INSERT INTO zeitintervall (id, created_time, version, busse, endeuhrzeit, fahrbeziehung_fahrbewegungkreisverkehr, fahrbeziehung_nach, fahrbeziehung_von, fahrbeziehung_id, fahrradfahrer, fussgaenger, hochrechnung_faktorgv, hochrechnung_faktorkfz, hochrechnung_faktorsv, hochrechnung_hochrechnunggv, hochrechnung_hochrechnungkfz, hochrechnungrad, hochrechnung_hochrechnungsv, kraftraeder, lastzuege, lkw, pkw, sortingindex, startuhrzeit, type, zaehlung_id) VALUES ('18a473f0-8c18-4862-bbf1-de0cb195ab92', '2026-02-05 14:24:48.208', 1, 17, '1941-05-12 01:30:00', NULL, 3, 2, 'a072cc32-b43c-4b0d-a2d4-0250f3c2e267', 28, 7, 1.00, 1.00, 1.00, 15.00, 88.00, NULL, 32.00, 39, 9, 6, 17, 11006005, '1941-05-12 01:15:00', 'STUNDE_VIERTEL', '339f992e-0925-4f6d-9e75-099bc520ad2c');
INSERT INTO zeitintervall (id, created_time, version, busse, endeuhrzeit, fahrbeziehung_fahrbewegungkreisverkehr, fahrbeziehung_nach, fahrbeziehung_von, fahrbeziehung_id, fahrradfahrer, fussgaenger, hochrechnung_faktorgv, hochrechnung_faktorkfz, hochrechnung_faktorsv, hochrechnung_hochrechnunggv, hochrechnung_hochrechnungkfz, hochrechnungrad, hochrechnung_hochrechnungsv, kraftraeder, lastzuege, lkw, pkw, sortingindex, startuhrzeit, type, zaehlung_id) VALUES ('c57b6161-84de-4f92-9560-0aff852f4aae', '2026-02-05 14:24:48.205', 1, 17, '1941-05-12 01:30:00', NULL, 3, 1, 'e2f416a3-bced-438a-bcc1-a836c85815d1', 28, 7, 1.00, 1.00, 1.00, 15.00, 88.00, NULL, 32.00, 39, 9, 6, 17, 11006005, '1941-05-12 01:15:00', 'STUNDE_VIERTEL', '339f992e-0925-4f6d-9e75-099bc520ad2c');
INSERT INTO zeitintervall (id, created_time, version, busse, endeuhrzeit, fahrbeziehung_fahrbewegungkreisverkehr, fahrbeziehung_nach, fahrbeziehung_von, fahrbeziehung_id, fahrradfahrer, fussgaenger, hochrechnung_faktorgv, hochrechnung_faktorkfz, hochrechnung_faktorsv, hochrechnung_hochrechnunggv, hochrechnung_hochrechnungkfz, hochrechnungrad, hochrechnung_hochrechnungsv, kraftraeder, lastzuege, lkw, pkw, sortingindex, startuhrzeit, type, zaehlung_id) VALUES ('475020ff-4d28-4695-8ee0-c599491dee61', '2026-02-05 14:24:48.211', 1, 11, '1941-05-12 01:30:00', NULL, 4, 3, '4e590818-6c4a-4301-8d8a-05029c5ed0ce', 7, 6, 1.00, 1.00, 1.00, 54.00, 88.00, NULL, 65.00, 14, 47, 7, 9, 11006005, '1941-05-12 01:15:00', 'STUNDE_VIERTEL', '339f992e-0925-4f6d-9e75-099bc520ad2c');
INSERT INTO zeitintervall (id, created_time, version, busse, endeuhrzeit, fahrbeziehung_fahrbewegungkreisverkehr, fahrbeziehung_nach, fahrbeziehung_von, fahrbeziehung_id, fahrradfahrer, fussgaenger, hochrechnung_faktorgv, hochrechnung_faktorkfz, hochrechnung_faktorsv, hochrechnung_hochrechnunggv, hochrechnung_hochrechnungkfz, hochrechnungrad, hochrechnung_hochrechnungsv, kraftraeder, lastzuege, lkw, pkw, sortingindex, startuhrzeit, type, zaehlung_id) VALUES ('5fc45e7f-babb-46fd-b5b0-ae65fd8ed39c', '2026-02-05 14:24:48.21', 1, 9, '1941-05-12 01:30:00', NULL, 1, 3, '04ef4e64-f51c-4f76-9819-5d9b90831255', 11, 13, 1.00, 1.00, 1.00, 23.00, 48.00, NULL, 32.00, 10, 8, 15, 6, 11006005, '1941-05-12 01:15:00', 'STUNDE_VIERTEL', '339f992e-0925-4f6d-9e75-099bc520ad2c');
INSERT INTO zeitintervall (id, created_time, version, busse, endeuhrzeit, fahrbeziehung_fahrbewegungkreisverkehr, fahrbeziehung_nach, fahrbeziehung_von, fahrbeziehung_id, fahrradfahrer, fussgaenger, hochrechnung_faktorgv, hochrechnung_faktorkfz, hochrechnung_faktorsv, hochrechnung_hochrechnunggv, hochrechnung_hochrechnungkfz, hochrechnungrad, hochrechnung_hochrechnungsv, kraftraeder, lastzuege, lkw, pkw, sortingindex, startuhrzeit, type, zaehlung_id) VALUES ('5872ca9b-f6c7-40b5-b150-002ab45414ef', '2026-02-05 14:24:48.213', 1, 17, '1941-05-12 01:30:00', NULL, 2, 4, '0482144f-e22f-4ba0-8ea9-37b28922a2b0', 28, 7, 1.00, 1.00, 1.00, 15.00, 88.00, NULL, 32.00, 39, 9, 6, 17, 11006005, '1941-05-12 01:15:00', 'STUNDE_VIERTEL', '339f992e-0925-4f6d-9e75-099bc520ad2c');
INSERT INTO zeitintervall (id, created_time, version, busse, endeuhrzeit, fahrbeziehung_fahrbewegungkreisverkehr, fahrbeziehung_nach, fahrbeziehung_von, fahrbeziehung_id, fahrradfahrer, fussgaenger, hochrechnung_faktorgv, hochrechnung_faktorkfz, hochrechnung_faktorsv, hochrechnung_hochrechnunggv, hochrechnung_hochrechnungkfz, hochrechnungrad, hochrechnung_hochrechnungsv, kraftraeder, lastzuege, lkw, pkw, sortingindex, startuhrzeit, type, zaehlung_id) VALUES ('0ed96081-ffca-44f0-82b8-7f921e0d5ea8', '2026-02-05 14:24:48.209', 1, 12, '1941-05-12 01:45:00', NULL, 4, 2, 'af5617f8-fbed-4a43-8b15-95aa056ea7f6', 8, 7, 1.00, 1.00, 1.00, 55.00, 92.00, NULL, 67.00, 15, 48, 7, 10, 11007006, '1941-05-12 01:30:00', 'STUNDE_VIERTEL', '339f992e-0925-4f6d-9e75-099bc520ad2c');
INSERT INTO zeitintervall (id, created_time, version, busse, endeuhrzeit, fahrbeziehung_fahrbewegungkreisverkehr, fahrbeziehung_nach, fahrbeziehung_von, fahrbeziehung_id, fahrradfahrer, fussgaenger, hochrechnung_faktorgv, hochrechnung_faktorkfz, hochrechnung_faktorsv, hochrechnung_hochrechnunggv, hochrechnung_hochrechnungkfz, hochrechnungrad, hochrechnung_hochrechnungsv, kraftraeder, lastzuege, lkw, pkw, sortingindex, startuhrzeit, type, zaehlung_id) VALUES ('abcdae08-9348-49c8-90f0-c5b7a4d17049', '2026-02-05 14:24:48.211', 1, 18, '1941-05-12 01:45:00', NULL, 2, 3, 'f550b529-0405-451b-8241-26337ce6b24e', 29, 8, 1.00, 1.00, 1.00, 26.00, 102.00, NULL, 44.00, 40, 10, 16, 18, 11007006, '1941-05-12 01:30:00', 'STUNDE_VIERTEL', '339f992e-0925-4f6d-9e75-099bc520ad2c');
INSERT INTO zeitintervall (id, created_time, version, busse, endeuhrzeit, fahrbeziehung_fahrbewegungkreisverkehr, fahrbeziehung_nach, fahrbeziehung_von, fahrbeziehung_id, fahrradfahrer, fussgaenger, hochrechnung_faktorgv, hochrechnung_faktorkfz, hochrechnung_faktorsv, hochrechnung_hochrechnunggv, hochrechnung_hochrechnungkfz, hochrechnungrad, hochrechnung_hochrechnungsv, kraftraeder, lastzuege, lkw, pkw, sortingindex, startuhrzeit, type, zaehlung_id) VALUES ('bdf8ffe5-2a6f-4cb4-a072-14a8a216469a', '2026-02-05 14:24:48.208', 1, 18, '1941-05-12 01:45:00', NULL, 3, 2, 'a072cc32-b43c-4b0d-a2d4-0250f3c2e267', 29, 8, 1.00, 1.00, 1.00, 26.00, 102.00, NULL, 44.00, 40, 10, 16, 18, 11007006, '1941-05-12 01:30:00', 'STUNDE_VIERTEL', '339f992e-0925-4f6d-9e75-099bc520ad2c');
INSERT INTO zeitintervall (id, created_time, version, busse, endeuhrzeit, fahrbeziehung_fahrbewegungkreisverkehr, fahrbeziehung_nach, fahrbeziehung_von, fahrbeziehung_id, fahrradfahrer, fussgaenger, hochrechnung_faktorgv, hochrechnung_faktorkfz, hochrechnung_faktorsv, hochrechnung_hochrechnunggv, hochrechnung_hochrechnungkfz, hochrechnungrad, hochrechnung_hochrechnungsv, kraftraeder, lastzuege, lkw, pkw, sortingindex, startuhrzeit, type, zaehlung_id) VALUES ('a171d395-efc3-4bf6-978f-eace220c0e7f', '2026-02-05 14:24:48.211', 1, 12, '1941-05-12 01:45:00', NULL, 4, 3, '4e590818-6c4a-4301-8d8a-05029c5ed0ce', 8, 7, 1.00, 1.00, 1.00, 55.00, 92.00, NULL, 67.00, 15, 48, 7, 10, 11007006, '1941-05-12 01:30:00', 'STUNDE_VIERTEL', '339f992e-0925-4f6d-9e75-099bc520ad2c');
INSERT INTO zeitintervall (id, created_time, version, busse, endeuhrzeit, fahrbeziehung_fahrbewegungkreisverkehr, fahrbeziehung_nach, fahrbeziehung_von, fahrbeziehung_id, fahrradfahrer, fussgaenger, hochrechnung_faktorgv, hochrechnung_faktorkfz, hochrechnung_faktorsv, hochrechnung_hochrechnunggv, hochrechnung_hochrechnungkfz, hochrechnungrad, hochrechnung_hochrechnungsv, kraftraeder, lastzuege, lkw, pkw, sortingindex, startuhrzeit, type, zaehlung_id) VALUES ('a3cac20d-dd30-4949-ad88-f0adcb1c45ce', '2026-02-05 14:24:48.207', 1, 10, '1941-05-12 01:45:00', NULL, 1, 2, 'a3f8423d-5cdf-48ce-999c-9576bb560d72', 12, 14, 1.00, 1.00, 1.00, 46.00, 74.00, NULL, 56.00, 11, 9, 37, 7, 11007006, '1941-05-12 01:30:00', 'STUNDE_VIERTEL', '339f992e-0925-4f6d-9e75-099bc520ad2c');
INSERT INTO zeitintervall (id, created_time, version, busse, endeuhrzeit, fahrbeziehung_fahrbewegungkreisverkehr, fahrbeziehung_nach, fahrbeziehung_von, fahrbeziehung_id, fahrradfahrer, fussgaenger, hochrechnung_faktorgv, hochrechnung_faktorkfz, hochrechnung_faktorsv, hochrechnung_hochrechnunggv, hochrechnung_hochrechnungkfz, hochrechnungrad, hochrechnung_hochrechnungsv, kraftraeder, lastzuege, lkw, pkw, sortingindex, startuhrzeit, type, zaehlung_id) VALUES ('14f0d774-f93b-4000-b078-ea211539a39c', '2026-02-05 14:24:48.212', 1, 10, '1941-05-12 01:45:00', NULL, 1, 4, 'ffc06014-19f5-4884-822e-13fe8cb35eed', 12, 14, 1.00, 1.00, 1.00, 46.00, 74.00, NULL, 56.00, 11, 9, 37, 7, 11007006, '1941-05-12 01:30:00', 'STUNDE_VIERTEL', '339f992e-0925-4f6d-9e75-099bc520ad2c');
INSERT INTO zeitintervall (id, created_time, version, busse, endeuhrzeit, fahrbeziehung_fahrbewegungkreisverkehr, fahrbeziehung_nach, fahrbeziehung_von, fahrbeziehung_id, fahrradfahrer, fussgaenger, hochrechnung_faktorgv, hochrechnung_faktorkfz, hochrechnung_faktorsv, hochrechnung_hochrechnunggv, hochrechnung_hochrechnungkfz, hochrechnungrad, hochrechnung_hochrechnungsv, kraftraeder, lastzuege, lkw, pkw, sortingindex, startuhrzeit, type, zaehlung_id) VALUES ('6468ec3b-c9f7-4bff-9b9d-b12d4bda9db3', '2026-02-05 14:24:48.206', 1, 12, '1941-05-12 01:45:00', NULL, 4, 1, 'a8d33317-6915-4f5e-8b2b-77aa0f2690df', 8, 7, 1.00, 1.00, 1.00, 55.00, 92.00, NULL, 67.00, 15, 48, 7, 10, 11007006, '1941-05-12 01:30:00', 'STUNDE_VIERTEL', '339f992e-0925-4f6d-9e75-099bc520ad2c');
INSERT INTO zeitintervall (id, created_time, version, busse, endeuhrzeit, fahrbeziehung_fahrbewegungkreisverkehr, fahrbeziehung_nach, fahrbeziehung_von, fahrbeziehung_id, fahrradfahrer, fussgaenger, hochrechnung_faktorgv, hochrechnung_faktorkfz, hochrechnung_faktorsv, hochrechnung_hochrechnunggv, hochrechnung_hochrechnungkfz, hochrechnungrad, hochrechnung_hochrechnungsv, kraftraeder, lastzuege, lkw, pkw, sortingindex, startuhrzeit, type, zaehlung_id) VALUES ('ecc6ea4e-d224-4f87-baf3-c51d351b81d6', '2026-02-05 14:24:48.205', 1, 18, '1941-05-12 01:45:00', NULL, 3, 1, 'e2f416a3-bced-438a-bcc1-a836c85815d1', 29, 8, 1.00, 1.00, 1.00, 26.00, 102.00, NULL, 44.00, 40, 10, 16, 18, 11007006, '1941-05-12 01:30:00', 'STUNDE_VIERTEL', '339f992e-0925-4f6d-9e75-099bc520ad2c');
INSERT INTO zeitintervall (id, created_time, version, busse, endeuhrzeit, fahrbeziehung_fahrbewegungkreisverkehr, fahrbeziehung_nach, fahrbeziehung_von, fahrbeziehung_id, fahrradfahrer, fussgaenger, hochrechnung_faktorgv, hochrechnung_faktorkfz, hochrechnung_faktorsv, hochrechnung_hochrechnunggv, hochrechnung_hochrechnungkfz, hochrechnungrad, hochrechnung_hochrechnungsv, kraftraeder, lastzuege, lkw, pkw, sortingindex, startuhrzeit, type, zaehlung_id) VALUES ('8e834280-333b-4f8f-9853-7041739ae7bb', '2026-02-05 14:24:48.214', 1, 12, '1941-05-12 01:45:00', NULL, 3, 4, 'd93ce293-9004-4c46-8b4c-904865c05d61', 8, 7, 1.00, 1.00, 1.00, 55.00, 92.00, NULL, 67.00, 15, 48, 7, 10, 11007006, '1941-05-12 01:30:00', 'STUNDE_VIERTEL', '339f992e-0925-4f6d-9e75-099bc520ad2c');
INSERT INTO zeitintervall (id, created_time, version, busse, endeuhrzeit, fahrbeziehung_fahrbewegungkreisverkehr, fahrbeziehung_nach, fahrbeziehung_von, fahrbeziehung_id, fahrradfahrer, fussgaenger, hochrechnung_faktorgv, hochrechnung_faktorkfz, hochrechnung_faktorsv, hochrechnung_hochrechnunggv, hochrechnung_hochrechnungkfz, hochrechnungrad, hochrechnung_hochrechnungsv, kraftraeder, lastzuege, lkw, pkw, sortingindex, startuhrzeit, type, zaehlung_id) VALUES ('205d5076-450c-45a0-8281-4dd80b3a194c', '2026-02-05 14:24:48.213', 1, 18, '1941-05-12 01:45:00', NULL, 2, 4, '0482144f-e22f-4ba0-8ea9-37b28922a2b0', 29, 8, 1.00, 1.00, 1.00, 26.00, 102.00, NULL, 44.00, 40, 10, 16, 18, 11007006, '1941-05-12 01:30:00', 'STUNDE_VIERTEL', '339f992e-0925-4f6d-9e75-099bc520ad2c');
INSERT INTO zeitintervall (id, created_time, version, busse, endeuhrzeit, fahrbeziehung_fahrbewegungkreisverkehr, fahrbeziehung_nach, fahrbeziehung_von, fahrbeziehung_id, fahrradfahrer, fussgaenger, hochrechnung_faktorgv, hochrechnung_faktorkfz, hochrechnung_faktorsv, hochrechnung_hochrechnunggv, hochrechnung_hochrechnungkfz, hochrechnungrad, hochrechnung_hochrechnungsv, kraftraeder, lastzuege, lkw, pkw, sortingindex, startuhrzeit, type, zaehlung_id) VALUES ('a5a6d5fb-bf50-4a43-93c2-7f979731feb3', '2026-02-05 14:24:48.204', 1, 10, '1941-05-12 01:45:00', NULL, 2, 1, 'd8d28889-fdb8-46d3-91b3-87816e31a3a3', 12, 14, 1.00, 1.00, 1.00, 46.00, 74.00, NULL, 56.00, 11, 9, 37, 7, 11007006, '1941-05-12 01:30:00', 'STUNDE_VIERTEL', '339f992e-0925-4f6d-9e75-099bc520ad2c');
INSERT INTO zeitintervall (id, created_time, version, busse, endeuhrzeit, fahrbeziehung_fahrbewegungkreisverkehr, fahrbeziehung_nach, fahrbeziehung_von, fahrbeziehung_id, fahrradfahrer, fussgaenger, hochrechnung_faktorgv, hochrechnung_faktorkfz, hochrechnung_faktorsv, hochrechnung_hochrechnunggv, hochrechnung_hochrechnungkfz, hochrechnungrad, hochrechnung_hochrechnungsv, kraftraeder, lastzuege, lkw, pkw, sortingindex, startuhrzeit, type, zaehlung_id) VALUES ('dc272540-14cf-41bc-8301-cc5c06a1c10e', '2026-02-05 14:24:48.21', 1, 10, '1941-05-12 01:45:00', NULL, 1, 3, '04ef4e64-f51c-4f76-9819-5d9b90831255', 12, 14, 1.00, 1.00, 1.00, 46.00, 74.00, NULL, 56.00, 11, 9, 37, 7, 11007006, '1941-05-12 01:30:00', 'STUNDE_VIERTEL', '339f992e-0925-4f6d-9e75-099bc520ad2c');
INSERT INTO zeitintervall (id, created_time, version, busse, endeuhrzeit, fahrbeziehung_fahrbewegungkreisverkehr, fahrbeziehung_nach, fahrbeziehung_von, fahrbeziehung_id, fahrradfahrer, fussgaenger, hochrechnung_faktorgv, hochrechnung_faktorkfz, hochrechnung_faktorsv, hochrechnung_hochrechnunggv, hochrechnung_hochrechnungkfz, hochrechnungrad, hochrechnung_hochrechnungsv, kraftraeder, lastzuege, lkw, pkw, sortingindex, startuhrzeit, type, zaehlung_id) VALUES ('895d422d-d010-4e0a-b480-182e0f8afb40', '2026-02-05 14:24:48.21', 1, 11, '1941-05-12 02:00:00', NULL, 1, 3, '04ef4e64-f51c-4f76-9819-5d9b90831255', 13, 15, 1.00, 1.00, 1.00, 18.00, 49.00, NULL, 29.00, 12, 10, 8, 8, 11008007, '1941-05-12 01:45:00', 'STUNDE_VIERTEL', '339f992e-0925-4f6d-9e75-099bc520ad2c');
INSERT INTO zeitintervall (id, created_time, version, busse, endeuhrzeit, fahrbeziehung_fahrbewegungkreisverkehr, fahrbeziehung_nach, fahrbeziehung_von, fahrbeziehung_id, fahrradfahrer, fussgaenger, hochrechnung_faktorgv, hochrechnung_faktorkfz, hochrechnung_faktorsv, hochrechnung_hochrechnunggv, hochrechnung_hochrechnungkfz, hochrechnungrad, hochrechnung_hochrechnungsv, kraftraeder, lastzuege, lkw, pkw, sortingindex, startuhrzeit, type, zaehlung_id) VALUES ('38b5b444-1b2a-4820-b08c-0de75303f7fb', '2026-02-05 14:24:48.212', 1, 13, '1941-05-12 02:00:00', NULL, 4, 3, '4e590818-6c4a-4301-8d8a-05029c5ed0ce', 9, 8, 1.00, 1.00, 1.00, 66.00, 106.00, NULL, 79.00, 16, 49, 17, 11, 11008007, '1941-05-12 01:45:00', 'STUNDE_VIERTEL', '339f992e-0925-4f6d-9e75-099bc520ad2c');
INSERT INTO zeitintervall (id, created_time, version, busse, endeuhrzeit, fahrbeziehung_fahrbewegungkreisverkehr, fahrbeziehung_nach, fahrbeziehung_von, fahrbeziehung_id, fahrradfahrer, fussgaenger, hochrechnung_faktorgv, hochrechnung_faktorkfz, hochrechnung_faktorsv, hochrechnung_hochrechnunggv, hochrechnung_hochrechnungkfz, hochrechnungrad, hochrechnung_hochrechnungsv, kraftraeder, lastzuege, lkw, pkw, sortingindex, startuhrzeit, type, zaehlung_id) VALUES ('f58b327e-80af-4f17-b761-843edb01fb65', '2026-02-05 14:24:48.209', 1, 13, '1941-05-12 02:00:00', NULL, 4, 2, 'af5617f8-fbed-4a43-8b15-95aa056ea7f6', 9, 8, 1.00, 1.00, 1.00, 66.00, 106.00, NULL, 79.00, 16, 49, 17, 11, 11008007, '1941-05-12 01:45:00', 'STUNDE_VIERTEL', '339f992e-0925-4f6d-9e75-099bc520ad2c');
INSERT INTO zeitintervall (id, created_time, version, busse, endeuhrzeit, fahrbeziehung_fahrbewegungkreisverkehr, fahrbeziehung_nach, fahrbeziehung_von, fahrbeziehung_id, fahrradfahrer, fussgaenger, hochrechnung_faktorgv, hochrechnung_faktorkfz, hochrechnung_faktorsv, hochrechnung_hochrechnunggv, hochrechnung_hochrechnungkfz, hochrechnungrad, hochrechnung_hochrechnungsv, kraftraeder, lastzuege, lkw, pkw, sortingindex, startuhrzeit, type, zaehlung_id) VALUES ('68bbaa03-a4fd-4d2b-b4a8-06b750456df5', '2026-02-05 14:24:48.213', 1, 19, '1941-05-12 02:00:00', NULL, 2, 4, '0482144f-e22f-4ba0-8ea9-37b28922a2b0', 30, 9, 1.00, 1.00, 1.00, 49.00, 128.00, NULL, 68.00, 41, 11, 38, 19, 11008007, '1941-05-12 01:45:00', 'STUNDE_VIERTEL', '339f992e-0925-4f6d-9e75-099bc520ad2c');
INSERT INTO zeitintervall (id, created_time, version, busse, endeuhrzeit, fahrbeziehung_fahrbewegungkreisverkehr, fahrbeziehung_nach, fahrbeziehung_von, fahrbeziehung_id, fahrradfahrer, fussgaenger, hochrechnung_faktorgv, hochrechnung_faktorkfz, hochrechnung_faktorsv, hochrechnung_hochrechnunggv, hochrechnung_hochrechnungkfz, hochrechnungrad, hochrechnung_hochrechnungsv, kraftraeder, lastzuege, lkw, pkw, sortingindex, startuhrzeit, type, zaehlung_id) VALUES ('9bb42394-e9f5-4d24-9004-927ace44e888', '2026-02-05 14:24:48.214', 1, 13, '1941-05-12 02:00:00', NULL, 3, 4, 'd93ce293-9004-4c46-8b4c-904865c05d61', 9, 8, 1.00, 1.00, 1.00, 66.00, 106.00, NULL, 79.00, 16, 49, 17, 11, 11008007, '1941-05-12 01:45:00', 'STUNDE_VIERTEL', '339f992e-0925-4f6d-9e75-099bc520ad2c');
INSERT INTO zeitintervall (id, created_time, version, busse, endeuhrzeit, fahrbeziehung_fahrbewegungkreisverkehr, fahrbeziehung_nach, fahrbeziehung_von, fahrbeziehung_id, fahrradfahrer, fussgaenger, hochrechnung_faktorgv, hochrechnung_faktorkfz, hochrechnung_faktorsv, hochrechnung_hochrechnunggv, hochrechnung_hochrechnungkfz, hochrechnungrad, hochrechnung_hochrechnungsv, kraftraeder, lastzuege, lkw, pkw, sortingindex, startuhrzeit, type, zaehlung_id) VALUES ('0661ea0f-eace-4a01-b89d-f4895305e4d8', '2026-02-05 14:24:48.206', 1, 13, '1941-05-12 02:00:00', NULL, 4, 1, 'a8d33317-6915-4f5e-8b2b-77aa0f2690df', 9, 8, 1.00, 1.00, 1.00, 66.00, 106.00, NULL, 79.00, 16, 49, 17, 11, 11008007, '1941-05-12 01:45:00', 'STUNDE_VIERTEL', '339f992e-0925-4f6d-9e75-099bc520ad2c');
INSERT INTO zeitintervall (id, created_time, version, busse, endeuhrzeit, fahrbeziehung_fahrbewegungkreisverkehr, fahrbeziehung_nach, fahrbeziehung_von, fahrbeziehung_id, fahrradfahrer, fussgaenger, hochrechnung_faktorgv, hochrechnung_faktorkfz, hochrechnung_faktorsv, hochrechnung_hochrechnunggv, hochrechnung_hochrechnungkfz, hochrechnungrad, hochrechnung_hochrechnungsv, kraftraeder, lastzuege, lkw, pkw, sortingindex, startuhrzeit, type, zaehlung_id) VALUES ('015e3ee6-0129-4e9b-9382-9551cfb64192', '2026-02-05 14:24:48.204', 1, 11, '1941-05-12 02:00:00', NULL, 2, 1, 'd8d28889-fdb8-46d3-91b3-87816e31a3a3', 13, 15, 1.00, 1.00, 1.00, 18.00, 49.00, NULL, 29.00, 12, 10, 8, 8, 11008007, '1941-05-12 01:45:00', 'STUNDE_VIERTEL', '339f992e-0925-4f6d-9e75-099bc520ad2c');
INSERT INTO zeitintervall (id, created_time, version, busse, endeuhrzeit, fahrbeziehung_fahrbewegungkreisverkehr, fahrbeziehung_nach, fahrbeziehung_von, fahrbeziehung_id, fahrradfahrer, fussgaenger, hochrechnung_faktorgv, hochrechnung_faktorkfz, hochrechnung_faktorsv, hochrechnung_hochrechnunggv, hochrechnung_hochrechnungkfz, hochrechnungrad, hochrechnung_hochrechnungsv, kraftraeder, lastzuege, lkw, pkw, sortingindex, startuhrzeit, type, zaehlung_id) VALUES ('2cda1123-d07f-497b-93dc-95f5f46ad4aa', '2026-02-05 14:24:48.212', 1, 11, '1941-05-12 02:00:00', NULL, 1, 4, 'ffc06014-19f5-4884-822e-13fe8cb35eed', 13, 15, 1.00, 1.00, 1.00, 18.00, 49.00, NULL, 29.00, 12, 10, 8, 8, 11008007, '1941-05-12 01:45:00', 'STUNDE_VIERTEL', '339f992e-0925-4f6d-9e75-099bc520ad2c');
INSERT INTO zeitintervall (id, created_time, version, busse, endeuhrzeit, fahrbeziehung_fahrbewegungkreisverkehr, fahrbeziehung_nach, fahrbeziehung_von, fahrbeziehung_id, fahrradfahrer, fussgaenger, hochrechnung_faktorgv, hochrechnung_faktorkfz, hochrechnung_faktorsv, hochrechnung_hochrechnunggv, hochrechnung_hochrechnungkfz, hochrechnungrad, hochrechnung_hochrechnungsv, kraftraeder, lastzuege, lkw, pkw, sortingindex, startuhrzeit, type, zaehlung_id) VALUES ('c94945d6-3961-49d3-9b1e-a860085574ec', '2026-02-05 14:24:48.211', 1, 19, '1941-05-12 02:00:00', NULL, 2, 3, 'f550b529-0405-451b-8241-26337ce6b24e', 30, 9, 1.00, 1.00, 1.00, 49.00, 128.00, NULL, 68.00, 41, 11, 38, 19, 11008007, '1941-05-12 01:45:00', 'STUNDE_VIERTEL', '339f992e-0925-4f6d-9e75-099bc520ad2c');
INSERT INTO zeitintervall (id, created_time, version, busse, endeuhrzeit, fahrbeziehung_fahrbewegungkreisverkehr, fahrbeziehung_nach, fahrbeziehung_von, fahrbeziehung_id, fahrradfahrer, fussgaenger, hochrechnung_faktorgv, hochrechnung_faktorkfz, hochrechnung_faktorsv, hochrechnung_hochrechnunggv, hochrechnung_hochrechnungkfz, hochrechnungrad, hochrechnung_hochrechnungsv, kraftraeder, lastzuege, lkw, pkw, sortingindex, startuhrzeit, type, zaehlung_id) VALUES ('9c128dad-0827-4a06-91eb-4dc6344f4371', '2026-02-05 14:24:48.207', 1, 11, '1941-05-12 02:00:00', NULL, 1, 2, 'a3f8423d-5cdf-48ce-999c-9576bb560d72', 13, 15, 1.00, 1.00, 1.00, 18.00, 49.00, NULL, 29.00, 12, 10, 8, 8, 11008007, '1941-05-12 01:45:00', 'STUNDE_VIERTEL', '339f992e-0925-4f6d-9e75-099bc520ad2c');
INSERT INTO zeitintervall (id, created_time, version, busse, endeuhrzeit, fahrbeziehung_fahrbewegungkreisverkehr, fahrbeziehung_nach, fahrbeziehung_von, fahrbeziehung_id, fahrradfahrer, fussgaenger, hochrechnung_faktorgv, hochrechnung_faktorkfz, hochrechnung_faktorsv, hochrechnung_hochrechnunggv, hochrechnung_hochrechnungkfz, hochrechnungrad, hochrechnung_hochrechnungsv, kraftraeder, lastzuege, lkw, pkw, sortingindex, startuhrzeit, type, zaehlung_id) VALUES ('465931e9-a0e4-4b7d-9754-a6c8f8391ba7', '2026-02-05 14:24:48.206', 1, 19, '1941-05-12 02:00:00', NULL, 3, 1, 'e2f416a3-bced-438a-bcc1-a836c85815d1', 30, 9, 1.00, 1.00, 1.00, 49.00, 128.00, NULL, 68.00, 41, 11, 38, 19, 11008007, '1941-05-12 01:45:00', 'STUNDE_VIERTEL', '339f992e-0925-4f6d-9e75-099bc520ad2c');
INSERT INTO zeitintervall (id, created_time, version, busse, endeuhrzeit, fahrbeziehung_fahrbewegungkreisverkehr, fahrbeziehung_nach, fahrbeziehung_von, fahrbeziehung_id, fahrradfahrer, fussgaenger, hochrechnung_faktorgv, hochrechnung_faktorkfz, hochrechnung_faktorsv, hochrechnung_hochrechnunggv, hochrechnung_hochrechnungkfz, hochrechnungrad, hochrechnung_hochrechnungsv, kraftraeder, lastzuege, lkw, pkw, sortingindex, startuhrzeit, type, zaehlung_id) VALUES ('c80149f4-8323-46b6-a64c-ec13a9bf4d06', '2026-02-05 14:24:48.208', 1, 19, '1941-05-12 02:00:00', NULL, 3, 2, 'a072cc32-b43c-4b0d-a2d4-0250f3c2e267', 30, 9, 1.00, 1.00, 1.00, 49.00, 128.00, NULL, 68.00, 41, 11, 38, 19, 11008007, '1941-05-12 01:45:00', 'STUNDE_VIERTEL', '339f992e-0925-4f6d-9e75-099bc520ad2c');

--
-- PostgreSQL database dump complete
--

